Question Column,PROLIFIC_PID,Accuracy,time
SBQ1,5f18348b01348e0716a1978a,1,48.729
SBQ1,5f315af6d221ae0e7843dc13,1,30.375
SBQ1,604261cfffdadc107f6b29c2,1,82.68
SBQ1,5fc803acace3cd0fe2b214c5,1,46.866
SBQ1,5e569011c0486f03a51801b5,1,16.405
SBQ1,5b7a0bb43c13750001982223,0,37.556
SBQ1,617598d967559810c706d5a5,0,26.699
SBQ1,5e3182adf6bb2315a48da619,0,47.575
SBQ1,5f6785ff73bbcf3923de77cc,1,78.566
SBQ1,6134d21dcb8ab807bad2df99,1,68.102
SBQ1,6140ef6c6783290ec216b9cb,0,24.066
SBQ1,61196ccab9b0c6a17c0e9b3b,1,41.21
SBQ1,611a78efa6c36a674dc40cc6,1,21.535
SBQ1,5d8a8df05722b400010ae948,1,48.016
SBQ1,6154b3a7e4bc93e1ce93c6bc,0,21.903
SBQ1,64c9286ef7a221c5a8f1b8a1,1,154.882
SBQ1,613284d37713a1645330938f,1,88.092
SBQ1,60d3acd071e98de7a42743ac,1,277.27
SBQ1,5f8f7b6a2650711e2238f6d5,1,29.338
SBQ1,6165cc70337bed7476a20f97,1,86.768
SBQ1,5f1caf052171f856a1e484d2,0,108.586
SBQ1,61572b39d8a0be3869ccd5ae,1,30.567
SBQ1,60be61231b34e6b2bf1e76ab,0,47.115
SBQ1,60f1f1d4ac991a259b83f603,0,117.233
SBQ1,5b16bc7644127b00013f7245,1,57.47
SBQ1,6158031479297ac1c777b5dc,1,43.757
SBQ1,5ed7239e4aaed51a7d11e94e,0,50.682
SBQ1,60c3c8f790736ad8d329816b,0,73.151
SBQ1,60decd2097f9a85cd3a908b0,0,70.056
SBQ1,6133d4312b2821322655a70d,0,28.329
SBQ1,613a930ddceaa99a97d512bb,0,55.746
SBQ1,61053334bb5ec9d6f2918ba1,0,75.351
SBQ1,5eab7843de4724150babfd6b,0,1011.776
SBQ1,6480fdb35359bd308df67b77,0,244.769
SBQ1,5bf725d2120df400011a6dca,1,125.882
SBQ1,64eb55ead08d423f0081c8f5,0,143.458
SBQ1,5f7f6ea18b9c4a117d887a3f,1,84.641
SBQ1,613a6f333eacb2c4641d0540,1,47.116
SBQ1,614397e06d85fcb10c7c9087,0,125.9
SBQ1,60b94f837bfda8b1977feef0,0,124.555
SBQ1,5e0a095a54ff2329aa070d54,0,74.953
SBQ1,5bdf91dbb32fa800012ea282,1,210.366
SBQ2,5f18348b01348e0716a1978a,1,12.591
SBQ2,5f315af6d221ae0e7843dc13,0,17.826
SBQ2,604261cfffdadc107f6b29c2,0,26.726
SBQ2,5fc803acace3cd0fe2b214c5,0,14.317
SBQ2,5e569011c0486f03a51801b5,1,17.406
SBQ2,5b7a0bb43c13750001982223,1,26.411
SBQ2,617598d967559810c706d5a5,1,28.511
SBQ2,5e3182adf6bb2315a48da619,1,15.628
SBQ2,5f6785ff73bbcf3923de77cc,1,16.695
SBQ2,6134d21dcb8ab807bad2df99,1,27.998
SBQ2,6140ef6c6783290ec216b9cb,0,25.478
SBQ2,61196ccab9b0c6a17c0e9b3b,0,26.491
SBQ2,611a78efa6c36a674dc40cc6,0,19.67
SBQ2,5d8a8df05722b400010ae948,1,54.284
SBQ2,6154b3a7e4bc93e1ce93c6bc,0,25.929
SBQ2,64c9286ef7a221c5a8f1b8a1,1,73.076
SBQ2,613284d37713a1645330938f,1,18.696
SBQ2,60d3acd071e98de7a42743ac,1,17.374
SBQ2,5f8f7b6a2650711e2238f6d5,0,6.081
SBQ2,6165cc70337bed7476a20f97,1,18.532
SBQ2,5f1caf052171f856a1e484d2,0,21.289
SBQ2,61572b39d8a0be3869ccd5ae,1,26.117
SBQ2,60be61231b34e6b2bf1e76ab,0,15.921
SBQ2,60f1f1d4ac991a259b83f603,1,48.437
SBQ2,5b16bc7644127b00013f7245,1,45.966
SBQ2,6158031479297ac1c777b5dc,0,95.313
SBQ2,5ed7239e4aaed51a7d11e94e,1,58.653
SBQ2,60c3c8f790736ad8d329816b,1,48.501
SBQ2,60decd2097f9a85cd3a908b0,1,45.696
SBQ2,6133d4312b2821322655a70d,1,54.436
SBQ2,613a930ddceaa99a97d512bb,0,29.311
SBQ2,61053334bb5ec9d6f2918ba1,1,42.398
SBQ2,5eab7843de4724150babfd6b,1,20.594
SBQ2,6480fdb35359bd308df67b77,0,39.683
SBQ2,5bf725d2120df400011a6dca,1,14.699
SBQ2,64eb55ead08d423f0081c8f5,0,20.146
SBQ2,5f7f6ea18b9c4a117d887a3f,0,49.945
SBQ2,613a6f333eacb2c4641d0540,0,38.076
SBQ2,614397e06d85fcb10c7c9087,0,44.816
SBQ2,60b94f837bfda8b1977feef0,0,30.822
SBQ2,5e0a095a54ff2329aa070d54,1,9.007
SBQ2,5bdf91dbb32fa800012ea282,1,52.665
SBQ3,5f18348b01348e0716a1978a,1,19.393
SBQ3,5f315af6d221ae0e7843dc13,0,41.165
SBQ3,604261cfffdadc107f6b29c2,0,12.737
SBQ3,5fc803acace3cd0fe2b214c5,0,31.801
SBQ3,5e569011c0486f03a51801b5,1,9.247
SBQ3,5b7a0bb43c13750001982223,1,81.083
SBQ3,617598d967559810c706d5a5,1,18.343
SBQ3,5e3182adf6bb2315a48da619,1,50.866
SBQ3,5f6785ff73bbcf3923de77cc,1,31.506
SBQ3,6134d21dcb8ab807bad2df99,0,125.124
SBQ3,6140ef6c6783290ec216b9cb,0,16.839
SBQ3,61196ccab9b0c6a17c0e9b3b,0,23.8
SBQ3,611a78efa6c36a674dc40cc6,0,22.925
SBQ3,5d8a8df05722b400010ae948,1,55.139
SBQ3,6154b3a7e4bc93e1ce93c6bc,0,31.866
SBQ3,64c9286ef7a221c5a8f1b8a1,1,22.321
SBQ3,613284d37713a1645330938f,0,22.714
SBQ3,60d3acd071e98de7a42743ac,1,49.408
SBQ3,5f8f7b6a2650711e2238f6d5,0,34.695
SBQ3,6165cc70337bed7476a20f97,1,37.762
SBQ3,5f1caf052171f856a1e484d2,0,15.408
SBQ3,61572b39d8a0be3869ccd5ae,1,22.903
SBQ3,60be61231b34e6b2bf1e76ab,0,50.696
SBQ3,60f1f1d4ac991a259b83f603,0,48.103
SBQ3,5b16bc7644127b00013f7245,0,32.982
SBQ3,6158031479297ac1c777b5dc,1,71.792
SBQ3,5ed7239e4aaed51a7d11e94e,1,50.222
SBQ3,60c3c8f790736ad8d329816b,1,32.02
SBQ3,60decd2097f9a85cd3a908b0,0,18.564
SBQ3,6133d4312b2821322655a70d,1,45.82
SBQ3,613a930ddceaa99a97d512bb,0,166.942
SBQ3,61053334bb5ec9d6f2918ba1,1,46.061
SBQ3,5eab7843de4724150babfd6b,0,5.495
SBQ3,6480fdb35359bd308df67b77,0,39.581
SBQ3,5bf725d2120df400011a6dca,1,17.313
SBQ3,64eb55ead08d423f0081c8f5,0,30.139
SBQ3,5f7f6ea18b9c4a117d887a3f,1,88.326
SBQ3,613a6f333eacb2c4641d0540,0,36.439
SBQ3,614397e06d85fcb10c7c9087,0,36.214
SBQ3,60b94f837bfda8b1977feef0,0,61.858
SBQ3,5e0a095a54ff2329aa070d54,1,15.901
SBQ3,5bdf91dbb32fa800012ea282,1,35.905
SBQ4,5f18348b01348e0716a1978a,0,53.057
SBQ4,5f315af6d221ae0e7843dc13,0,77.044
SBQ4,604261cfffdadc107f6b29c2,0,73.738
SBQ4,5fc803acace3cd0fe2b214c5,1,32.812
SBQ4,5e569011c0486f03a51801b5,1,35.302
SBQ4,5b7a0bb43c13750001982223,1,62.405
SBQ4,617598d967559810c706d5a5,1,54.53
SBQ4,5e3182adf6bb2315a48da619,1,48.658
SBQ4,5f6785ff73bbcf3923de77cc,0,41.471
SBQ4,6134d21dcb8ab807bad2df99,1,66.702
SBQ4,6140ef6c6783290ec216b9cb,0,40.752
SBQ4,61196ccab9b0c6a17c0e9b3b,1,68.768
SBQ4,611a78efa6c36a674dc40cc6,1,38.247
SBQ4,5d8a8df05722b400010ae948,1,78.326
SBQ4,6154b3a7e4bc93e1ce93c6bc,0,54.986
SBQ4,64c9286ef7a221c5a8f1b8a1,1,128.768
SBQ4,613284d37713a1645330938f,1,68.938
SBQ4,60d3acd071e98de7a42743ac,1,123.513
SBQ4,5f8f7b6a2650711e2238f6d5,0,663.027
SBQ4,6165cc70337bed7476a20f97,1,105.125
SBQ4,5f1caf052171f856a1e484d2,1,62.294
SBQ4,61572b39d8a0be3869ccd5ae,1,26.453
SBQ4,60be61231b34e6b2bf1e76ab,1,78.089
SBQ4,60f1f1d4ac991a259b83f603,0,45.207
SBQ4,5b16bc7644127b00013f7245,1,50.825
SBQ4,6158031479297ac1c777b5dc,0,47.367
SBQ4,5ed7239e4aaed51a7d11e94e,1,319.391
SBQ4,60c3c8f790736ad8d329816b,1,73.198
SBQ4,60decd2097f9a85cd3a908b0,1,73.199
SBQ4,6133d4312b2821322655a70d,1,79.838
SBQ4,613a930ddceaa99a97d512bb,0,87.596
SBQ4,61053334bb5ec9d6f2918ba1,1,106.022
SBQ4,5eab7843de4724150babfd6b,0,34.885
SBQ4,6480fdb35359bd308df67b77,1,193.987
SBQ4,5bf725d2120df400011a6dca,1,78.325
SBQ4,64eb55ead08d423f0081c8f5,1,84.489
SBQ4,5f7f6ea18b9c4a117d887a3f,0,91.323
SBQ4,613a6f333eacb2c4641d0540,1,34.788
SBQ4,614397e06d85fcb10c7c9087,0,103.401
SBQ4,60b94f837bfda8b1977feef0,1,205.632
SBQ4,5e0a095a54ff2329aa070d54,0,16.836
SBQ4,5bdf91dbb32fa800012ea282,1,68.124
SBQ5,5f18348b01348e0716a1978a,0,11.581
SBQ5,5f315af6d221ae0e7843dc13,0,16.182
SBQ5,604261cfffdadc107f6b29c2,0,16.6
SBQ5,5fc803acace3cd0fe2b214c5,1,19.321
SBQ5,5e569011c0486f03a51801b5,0,24.296
SBQ5,5b7a0bb43c13750001982223,1,23.178
SBQ5,617598d967559810c706d5a5,0,12.435
SBQ5,5e3182adf6bb2315a48da619,1,16.022
SBQ5,5f6785ff73bbcf3923de77cc,0,20.771
SBQ5,6134d21dcb8ab807bad2df99,1,43.364
SBQ5,6140ef6c6783290ec216b9cb,0,13.252
SBQ5,61196ccab9b0c6a17c0e9b3b,0,78.994
SBQ5,611a78efa6c36a674dc40cc6,0,15.935
SBQ5,5d8a8df05722b400010ae948,1,34.0
SBQ5,6154b3a7e4bc93e1ce93c6bc,0,16.325
SBQ5,64c9286ef7a221c5a8f1b8a1,1,23.843
SBQ5,613284d37713a1645330938f,1,35.266
SBQ5,60d3acd071e98de7a42743ac,1,32.48
SBQ5,5f8f7b6a2650711e2238f6d5,0,12.759
SBQ5,6165cc70337bed7476a20f97,0,44.436
SBQ5,5f1caf052171f856a1e484d2,0,73.423
SBQ5,61572b39d8a0be3869ccd5ae,0,11.972
SBQ5,60be61231b34e6b2bf1e76ab,0,30.775
SBQ5,60f1f1d4ac991a259b83f603,0,170.559
SBQ5,5b16bc7644127b00013f7245,0,251.01
SBQ5,6158031479297ac1c777b5dc,1,35.506
SBQ5,5ed7239e4aaed51a7d11e94e,1,42.834
SBQ5,60c3c8f790736ad8d329816b,0,41.881
SBQ5,60decd2097f9a85cd3a908b0,0,52.874
SBQ5,6133d4312b2821322655a70d,1,19.851
SBQ5,613a930ddceaa99a97d512bb,0,30.528
SBQ5,61053334bb5ec9d6f2918ba1,0,76.956
SBQ5,5eab7843de4724150babfd6b,0,405.326
SBQ5,6480fdb35359bd308df67b77,0,58.214
SBQ5,5bf725d2120df400011a6dca,1,55.695
SBQ5,64eb55ead08d423f0081c8f5,0,79.321
SBQ5,5f7f6ea18b9c4a117d887a3f,0,81.603
SBQ5,613a6f333eacb2c4641d0540,0,37.865
SBQ5,614397e06d85fcb10c7c9087,0,85.771
SBQ5,60b94f837bfda8b1977feef0,0,107.342
SBQ5,5e0a095a54ff2329aa070d54,1,18.791
SBQ5,5bdf91dbb32fa800012ea282,1,49.881
SAQ1,5ebf2540dc45b2302a7118f9,0,17.796
SAQ1,5eac9ad77c0fb830e457d0c6,1,53.909
SAQ1,5f24978b3b9626088ac0eeb7,0,13.479
SAQ1,5cb4adc019ee7300189e8547,0,25.597
SAQ1,5f0e0e058a700b10c7ac250f,0,12.972
SAQ1,5bde1e00ddec0b00013494d3,0,29.388
SAQ1,61489f86e02baa417fcc98b2,0,22.884
SAQ1,613a3fa3cd445d55f2e1a486,0,61.664
SAQ1,60309b6162da62f3898324d4,0,44.895
SAQ1,6033f09832d8421272da43ac,0,17.338
SAQ1,616f94cd9cd003d37c9db38c,0,17.821
SAQ1,5d0aa9aa5047d20018b8490d,0,29.531
SAQ1,5eaf44985f544b0009fd08b6,0,33.81
SAQ1,5e2881eaa9af590560d04047,0,23.716
SAQ1,59987d310ed7ae0001991afa,0,50.595
SAQ1,611a78efa6c36a674dc40cc6,0,40.3
SAQ1,61230876ad65890ff8619511,1,20.699
SAQ1,61413300c9d2346cfb3d9ca5,0,48.608
SAQ1,608c64e14968cdd8dcbe1be4,0,36.952
SAQ1,64c9286ef7a221c5a8f1b8a1,1,39.267
SAQ1,5a5110bb76d1c60001aaa059,0,41.322
SAQ1,60c786784d9c439658d4600a,0,45.386
SAQ1,6160c25a14f8a02a8b63f024,0,72.809
SAQ1,5f8f7b6a2650711e2238f6d5,0,38.673
SAQ1,61690cac90729702f4d563de,0,43.281
SAQ1,60be61231b34e6b2bf1e76ab,0,63.991
SAQ1,5fec281aeae543d80d09fbc0,0,84.936
SAQ1,5f45772f6c74b91760652841,0,35.475
SAQ1,6133d4312b2821322655a70d,1,26.149
SAQ1,61545919a17f1331cb7b33a7,0,39.603
SAQ1,60d1ddaca95145c1433a9c87,0,46.817
SAQ1,6480fdb35359bd308df67b77,0,38.448
SAQ1,612fa61dd0fc020053aa94dd,0,131.186
SAQ1,60fb5516e04ddad82ee75e7f,0,54.886
SAQ1,610d73cf15869b837eff907e,0,23.31
SAQ1,613d20af66c5431995b4cbdc,0,30.553
SAQ1,60b94f837bfda8b1977feef0,0,54.457
SAQ1,62d5cef0d9f0379a81a33cf1,0,15.253
SAQ1,648b962b8fdb1fa686213ac1,0,30.019
SAQ2,5ebf2540dc45b2302a7118f9,0,14.439
SAQ2,5eac9ad77c0fb830e457d0c6,1,29.663
SAQ2,5f24978b3b9626088ac0eeb7,0,24.869
SAQ2,5cb4adc019ee7300189e8547,0,18.671
SAQ2,5f0e0e058a700b10c7ac250f,0,25.576
SAQ2,5bde1e00ddec0b00013494d3,1,12.45
SAQ2,61489f86e02baa417fcc98b2,0,24.974
SAQ2,613a3fa3cd445d55f2e1a486,0,41.978
SAQ2,60309b6162da62f3898324d4,0,48.541
SAQ2,6033f09832d8421272da43ac,1,22.175
SAQ2,616f94cd9cd003d37c9db38c,0,14.87
SAQ2,5d0aa9aa5047d20018b8490d,0,13.957
SAQ2,5eaf44985f544b0009fd08b6,0,85.592
SAQ2,5e2881eaa9af590560d04047,0,74.909
SAQ2,59987d310ed7ae0001991afa,0,11.424
SAQ2,611a78efa6c36a674dc40cc6,0,26.146
SAQ2,61230876ad65890ff8619511,1,25.943
SAQ2,61413300c9d2346cfb3d9ca5,0,51.15
SAQ2,608c64e14968cdd8dcbe1be4,0,64.727
SAQ2,64c9286ef7a221c5a8f1b8a1,1,18.953
SAQ2,5a5110bb76d1c60001aaa059,0,31.282
SAQ2,60c786784d9c439658d4600a,0,76.22
SAQ2,6160c25a14f8a02a8b63f024,1,33.702
SAQ2,5f8f7b6a2650711e2238f6d5,0,35.212
SAQ2,61690cac90729702f4d563de,0,30.977
SAQ2,60be61231b34e6b2bf1e76ab,0,32.757
SAQ2,5fec281aeae543d80d09fbc0,0,16.085
SAQ2,5f45772f6c74b91760652841,0,23.681
SAQ2,6133d4312b2821322655a70d,1,30.353
SAQ2,61545919a17f1331cb7b33a7,0,143.1
SAQ2,60d1ddaca95145c1433a9c87,0,160.957
SAQ2,6480fdb35359bd308df67b77,0,86.981
SAQ2,612fa61dd0fc020053aa94dd,0,60.83
SAQ2,60fb5516e04ddad82ee75e7f,0,61.356
SAQ2,610d73cf15869b837eff907e,0,32.671
SAQ2,613d20af66c5431995b4cbdc,1,53.725
SAQ2,60b94f837bfda8b1977feef0,0,121.919
SAQ2,62d5cef0d9f0379a81a33cf1,0,25.512
SAQ2,648b962b8fdb1fa686213ac1,0,60.453
SAQ3,5ebf2540dc45b2302a7118f9,1,16.996
SAQ3,5eac9ad77c0fb830e457d0c6,1,13.01
SAQ3,5f24978b3b9626088ac0eeb7,1,15.731
SAQ3,5cb4adc019ee7300189e8547,1,18.492
SAQ3,5f0e0e058a700b10c7ac250f,1,45.187
SAQ3,5bde1e00ddec0b00013494d3,1,28.535
SAQ3,61489f86e02baa417fcc98b2,1,27.014
SAQ3,613a3fa3cd445d55f2e1a486,1,40.47
SAQ3,60309b6162da62f3898324d4,1,41.293
SAQ3,6033f09832d8421272da43ac,1,22.289
SAQ3,616f94cd9cd003d37c9db38c,1,8.951
SAQ3,5d0aa9aa5047d20018b8490d,1,13.425
SAQ3,5eaf44985f544b0009fd08b6,1,31.578
SAQ3,5e2881eaa9af590560d04047,1,15.961
SAQ3,59987d310ed7ae0001991afa,1,11.379
SAQ3,611a78efa6c36a674dc40cc6,1,12.258
SAQ3,61230876ad65890ff8619511,0,56.247
SAQ3,61413300c9d2346cfb3d9ca5,1,24.945
SAQ3,608c64e14968cdd8dcbe1be4,1,26.064
SAQ3,64c9286ef7a221c5a8f1b8a1,0,28.945
SAQ3,5a5110bb76d1c60001aaa059,1,12.418
SAQ3,60c786784d9c439658d4600a,1,35.884
SAQ3,6160c25a14f8a02a8b63f024,1,28.46
SAQ3,5f8f7b6a2650711e2238f6d5,1,69.093
SAQ3,61690cac90729702f4d563de,1,43.703
SAQ3,60be61231b34e6b2bf1e76ab,1,39.294
SAQ3,5fec281aeae543d80d09fbc0,1,23.018
SAQ3,5f45772f6c74b91760652841,1,33.383
SAQ3,6133d4312b2821322655a70d,0,37.534
SAQ3,61545919a17f1331cb7b33a7,1,49.748
SAQ3,60d1ddaca95145c1433a9c87,1,34.3
SAQ3,6480fdb35359bd308df67b77,1,24.256
SAQ3,612fa61dd0fc020053aa94dd,1,37.897
SAQ3,60fb5516e04ddad82ee75e7f,1,40.244
SAQ3,610d73cf15869b837eff907e,1,165.643
SAQ3,613d20af66c5431995b4cbdc,1,15.631
SAQ3,60b94f837bfda8b1977feef0,1,34.57
SAQ3,62d5cef0d9f0379a81a33cf1,1,17.035
SAQ3,648b962b8fdb1fa686213ac1,1,24.593
SAQ4,5ebf2540dc45b2302a7118f9,1,13.766
SAQ4,5eac9ad77c0fb830e457d0c6,1,7.698
SAQ4,5f24978b3b9626088ac0eeb7,1,23.176
SAQ4,5cb4adc019ee7300189e8547,1,14.92
SAQ4,5f0e0e058a700b10c7ac250f,1,34.6
SAQ4,5bde1e00ddec0b00013494d3,0,48.201
SAQ4,61489f86e02baa417fcc98b2,1,18.09
SAQ4,613a3fa3cd445d55f2e1a486,1,49.332
SAQ4,60309b6162da62f3898324d4,1,20.397
SAQ4,6033f09832d8421272da43ac,1,19.232
SAQ4,616f94cd9cd003d37c9db38c,1,16.206
SAQ4,5d0aa9aa5047d20018b8490d,1,20.8
SAQ4,5eaf44985f544b0009fd08b6,1,26.753
SAQ4,5e2881eaa9af590560d04047,1,17.312
SAQ4,59987d310ed7ae0001991afa,1,32.502
SAQ4,611a78efa6c36a674dc40cc6,1,158.76
SAQ4,61230876ad65890ff8619511,1,95.982
SAQ4,61413300c9d2346cfb3d9ca5,1,52.244
SAQ4,608c64e14968cdd8dcbe1be4,1,14.101
SAQ4,64c9286ef7a221c5a8f1b8a1,1,36.52
SAQ4,5a5110bb76d1c60001aaa059,1,36.499
SAQ4,60c786784d9c439658d4600a,1,15.811
SAQ4,6160c25a14f8a02a8b63f024,1,19.801
SAQ4,5f8f7b6a2650711e2238f6d5,1,20.06
SAQ4,61690cac90729702f4d563de,1,34.401
SAQ4,60be61231b34e6b2bf1e76ab,1,45.016
SAQ4,5fec281aeae543d80d09fbc0,1,46.763
SAQ4,5f45772f6c74b91760652841,1,21.378
SAQ4,6133d4312b2821322655a70d,1,152.919
SAQ4,61545919a17f1331cb7b33a7,1,55.65
SAQ4,60d1ddaca95145c1433a9c87,1,18.613
SAQ4,6480fdb35359bd308df67b77,1,45.136
SAQ4,612fa61dd0fc020053aa94dd,1,33.81
SAQ4,60fb5516e04ddad82ee75e7f,1,25.212
SAQ4,610d73cf15869b837eff907e,1,285.286
SAQ4,613d20af66c5431995b4cbdc,1,20.027
SAQ4,60b94f837bfda8b1977feef0,1,221.045
SAQ4,62d5cef0d9f0379a81a33cf1,1,31.844
SAQ4,648b962b8fdb1fa686213ac1,1,42.517
SAQ5,5ebf2540dc45b2302a7118f9,0,11.472
SAQ5,5eac9ad77c0fb830e457d0c6,0,11.263
SAQ5,5f24978b3b9626088ac0eeb7,0,22.085
SAQ5,5cb4adc019ee7300189e8547,0,37.317
SAQ5,5f0e0e058a700b10c7ac250f,0,7.164
SAQ5,5bde1e00ddec0b00013494d3,0,41.058
SAQ5,61489f86e02baa417fcc98b2,0,21.095
SAQ5,613a3fa3cd445d55f2e1a486,0,22.321
SAQ5,60309b6162da62f3898324d4,0,22.359
SAQ5,6033f09832d8421272da43ac,0,22.324
SAQ5,616f94cd9cd003d37c9db38c,0,11.939
SAQ5,5d0aa9aa5047d20018b8490d,0,25.947
SAQ5,5eaf44985f544b0009fd08b6,0,16.723
SAQ5,5e2881eaa9af590560d04047,0,34.452
SAQ5,59987d310ed7ae0001991afa,0,19.52
SAQ5,611a78efa6c36a674dc40cc6,0,30.212
SAQ5,61230876ad65890ff8619511,1,47.37
SAQ5,61413300c9d2346cfb3d9ca5,0,21.639
SAQ5,608c64e14968cdd8dcbe1be4,0,47.7
SAQ5,64c9286ef7a221c5a8f1b8a1,1,49.707
SAQ5,5a5110bb76d1c60001aaa059,0,37.978
SAQ5,60c786784d9c439658d4600a,0,108.479
SAQ5,6160c25a14f8a02a8b63f024,0,20.611
SAQ5,5f8f7b6a2650711e2238f6d5,0,15.332
SAQ5,61690cac90729702f4d563de,0,39.096
SAQ5,60be61231b34e6b2bf1e76ab,0,41.817
SAQ5,5fec281aeae543d80d09fbc0,0,22.234
SAQ5,5f45772f6c74b91760652841,0,23.353
SAQ5,6133d4312b2821322655a70d,1,63.767
SAQ5,61545919a17f1331cb7b33a7,0,46.799
SAQ5,60d1ddaca95145c1433a9c87,0,54.49
SAQ5,6480fdb35359bd308df67b77,0,21.448
SAQ5,612fa61dd0fc020053aa94dd,0,37.214
SAQ5,60fb5516e04ddad82ee75e7f,1,37.469
SAQ5,610d73cf15869b837eff907e,0,60.534
SAQ5,613d20af66c5431995b4cbdc,0,68.308
SAQ5,60b94f837bfda8b1977feef0,0,43.685
SAQ5,62d5cef0d9f0379a81a33cf1,1,15.411
SAQ5,648b962b8fdb1fa686213ac1,0,21.771
SPQ1,5fbbde667818f3dc301f6647,1,12.111
SPQ1,60c03680dc5dfe4723659602,1,13.7
SPQ1,5f0b615844c42c2bc9b39df4,1,31.401
SPQ1,63469117956f3451ba159ff8,1,12.054
SPQ1,5fc803acace3cd0fe2b214c5,1,11.524
SPQ1,5bde1e00ddec0b00013494d3,1,31.867
SPQ1,5b3216e0a8327d0001001dc0,1,13.437
SPQ1,58dd0b15402260000102895b,1,16.873
SPQ1,6033f09832d8421272da43ac,1,18.452
SPQ1,5e8bbf2d430dd50008c4fccc,1,50.361
SPQ1,5d6d82acab68f90001f53194,1,11.828
SPQ1,60df2a263ca14a01eb3d4732,1,15.484
SPQ1,60d4477467e235cde30140a9,1,14.78
SPQ1,5b6f07e3601c8600019328de,1,9.249
SPQ1,5f33e30b15e48023096678e4,1,33.319
SPQ1,59987d310ed7ae0001991afa,1,21.327
SPQ1,629635e6104b144684c6e015,1,37.959
SPQ1,61183bece4c3e63512e3eb5d,1,18.3
SPQ1,6169e8a8311d269013eb73c7,1,30.802
SPQ1,61413300c9d2346cfb3d9ca5,1,25.576
SPQ1,61645f61082ddd043101a1e6,1,23.675
SPQ1,5c49c9ebe02ead00019b0a5b,1,26.674
SPQ1,61572b39d8a0be3869ccd5ae,1,10.783
SPQ1,5e8e38da572c650e2ede51c9,1,58.594
SPQ1,611cecbdfd30c0b2cea5e0bc,1,36.09
SPQ1,60fb690497b26a3c1c6b8c0b,1,25.246
SPQ1,60f1f1d4ac991a259b83f603,1,67.887
SPQ1,6158031479297ac1c777b5dc,1,25.584
SPQ1,5f45772f6c74b91760652841,1,32.501
SPQ1,60decd2097f9a85cd3a908b0,1,164.609
SPQ1,6107aa76ee9845023fb0cb80,1,18.275
SPQ1,613d0ef50abfe24aa600bc84,1,44.967
SPQ1,60d1ddaca95145c1433a9c87,1,44.671
SPQ1,5bf725d2120df400011a6dca,0,67.609
SPQ1,60fb5516e04ddad82ee75e7f,1,25.697
SPQ1,60e3b18d3d4205b4c52ada56,1,22.279
SPQ1,6112aa865f237cf99d0b0094,1,129.373
SPQ1,648b962b8fdb1fa686213ac1,1,19.769
SPQ2,5fbbde667818f3dc301f6647,1,49.531
SPQ2,60c03680dc5dfe4723659602,1,8.815
SPQ2,5f0b615844c42c2bc9b39df4,1,40.845
SPQ2,63469117956f3451ba159ff8,1,14.792
SPQ2,5fc803acace3cd0fe2b214c5,1,16.182
SPQ2,5bde1e00ddec0b00013494d3,1,26.422
SPQ2,5b3216e0a8327d0001001dc0,1,14.881
SPQ2,58dd0b15402260000102895b,1,13.688
SPQ2,6033f09832d8421272da43ac,1,13.055
SPQ2,5e8bbf2d430dd50008c4fccc,0,105.385
SPQ2,5d6d82acab68f90001f53194,1,22.519
SPQ2,60df2a263ca14a01eb3d4732,1,39.951
SPQ2,60d4477467e235cde30140a9,1,45.626
SPQ2,5b6f07e3601c8600019328de,1,129.041
SPQ2,5f33e30b15e48023096678e4,1,30.694
SPQ2,59987d310ed7ae0001991afa,1,11.917
SPQ2,629635e6104b144684c6e015,1,136.164
SPQ2,61183bece4c3e63512e3eb5d,1,20.741
SPQ2,6169e8a8311d269013eb73c7,1,21.691
SPQ2,61413300c9d2346cfb3d9ca5,1,28.501
SPQ2,61645f61082ddd043101a1e6,1,58.136
SPQ2,5c49c9ebe02ead00019b0a5b,1,12.437
SPQ2,61572b39d8a0be3869ccd5ae,1,16.154
SPQ2,5e8e38da572c650e2ede51c9,1,75.201
SPQ2,611cecbdfd30c0b2cea5e0bc,0,24.001
SPQ2,60fb690497b26a3c1c6b8c0b,0,39.829
SPQ2,60f1f1d4ac991a259b83f603,1,66.372
SPQ2,6158031479297ac1c777b5dc,1,41.863
SPQ2,5f45772f6c74b91760652841,1,26.694
SPQ2,60decd2097f9a85cd3a908b0,1,40.353
SPQ2,6107aa76ee9845023fb0cb80,1,46.887
SPQ2,613d0ef50abfe24aa600bc84,1,29.987
SPQ2,60d1ddaca95145c1433a9c87,1,27.373
SPQ2,5bf725d2120df400011a6dca,1,36.88
SPQ2,60fb5516e04ddad82ee75e7f,0,131.38
SPQ2,60e3b18d3d4205b4c52ada56,1,58.871
SPQ2,6112aa865f237cf99d0b0094,1,61.917
SPQ2,648b962b8fdb1fa686213ac1,1,20.563
SPQ3,5fbbde667818f3dc301f6647,1,131.534
SPQ3,60c03680dc5dfe4723659602,0,29.991
SPQ3,5f0b615844c42c2bc9b39df4,1,17.679
SPQ3,63469117956f3451ba159ff8,0,23.739
SPQ3,5fc803acace3cd0fe2b214c5,1,20.552
SPQ3,5bde1e00ddec0b00013494d3,1,38.046
SPQ3,5b3216e0a8327d0001001dc0,0,16.607
SPQ3,58dd0b15402260000102895b,1,24.211
SPQ3,6033f09832d8421272da43ac,1,27.226
SPQ3,5e8bbf2d430dd50008c4fccc,1,22.736
SPQ3,5d6d82acab68f90001f53194,1,57.511
SPQ3,60df2a263ca14a01eb3d4732,1,55.467
SPQ3,60d4477467e235cde30140a9,0,32.679
SPQ3,5b6f07e3601c8600019328de,1,18.363
SPQ3,5f33e30b15e48023096678e4,1,27.513
SPQ3,59987d310ed7ae0001991afa,1,31.791
SPQ3,629635e6104b144684c6e015,1,38.057
SPQ3,61183bece4c3e63512e3eb5d,1,43.566
SPQ3,6169e8a8311d269013eb73c7,0,40.804
SPQ3,61413300c9d2346cfb3d9ca5,1,35.917
SPQ3,61645f61082ddd043101a1e6,1,101.259
SPQ3,5c49c9ebe02ead00019b0a5b,0,36.601
SPQ3,61572b39d8a0be3869ccd5ae,0,21.336
SPQ3,5e8e38da572c650e2ede51c9,1,61.355
SPQ3,611cecbdfd30c0b2cea5e0bc,0,19.13
SPQ3,60fb690497b26a3c1c6b8c0b,1,31.461
SPQ3,60f1f1d4ac991a259b83f603,1,44.574
SPQ3,6158031479297ac1c777b5dc,1,37.472
SPQ3,5f45772f6c74b91760652841,1,47.198
SPQ3,60decd2097f9a85cd3a908b0,0,41.384
SPQ3,6107aa76ee9845023fb0cb80,1,30.37
SPQ3,613d0ef50abfe24aa600bc84,1,76.795
SPQ3,60d1ddaca95145c1433a9c87,1,66.422
SPQ3,5bf725d2120df400011a6dca,1,69.275
SPQ3,60fb5516e04ddad82ee75e7f,0,120.136
SPQ3,60e3b18d3d4205b4c52ada56,0,32.827
SPQ3,6112aa865f237cf99d0b0094,0,194.466
SPQ3,648b962b8fdb1fa686213ac1,1,45.698
SPQ4,5fbbde667818f3dc301f6647,1,13.986
SPQ4,60c03680dc5dfe4723659602,1,18.175
SPQ4,5f0b615844c42c2bc9b39df4,1,18.656
SPQ4,63469117956f3451ba159ff8,0,18.654
SPQ4,5fc803acace3cd0fe2b214c5,1,19.259
SPQ4,5bde1e00ddec0b00013494d3,1,25.318
SPQ4,5b3216e0a8327d0001001dc0,1,18.563
SPQ4,58dd0b15402260000102895b,1,20.512
SPQ4,6033f09832d8421272da43ac,1,13.934
SPQ4,5e8bbf2d430dd50008c4fccc,1,108.712
SPQ4,5d6d82acab68f90001f53194,1,34.267
SPQ4,60df2a263ca14a01eb3d4732,1,40.221
SPQ4,60d4477467e235cde30140a9,1,47.264
SPQ4,5b6f07e3601c8600019328de,1,37.835
SPQ4,5f33e30b15e48023096678e4,1,50.03
SPQ4,59987d310ed7ae0001991afa,1,20.308
SPQ4,629635e6104b144684c6e015,1,38.001
SPQ4,61183bece4c3e63512e3eb5d,0,34.161
SPQ4,6169e8a8311d269013eb73c7,1,40.094
SPQ4,61413300c9d2346cfb3d9ca5,1,23.221
SPQ4,61645f61082ddd043101a1e6,1,42.403
SPQ4,5c49c9ebe02ead00019b0a5b,1,61.099
SPQ4,61572b39d8a0be3869ccd5ae,1,16.653
SPQ4,5e8e38da572c650e2ede51c9,0,86.635
SPQ4,611cecbdfd30c0b2cea5e0bc,1,36.735
SPQ4,60fb690497b26a3c1c6b8c0b,0,23.689
SPQ4,60f1f1d4ac991a259b83f603,0,74.697
SPQ4,6158031479297ac1c777b5dc,1,27.993
SPQ4,5f45772f6c74b91760652841,1,48.049
SPQ4,60decd2097f9a85cd3a908b0,1,39.503
SPQ4,6107aa76ee9845023fb0cb80,1,43.904
SPQ4,613d0ef50abfe24aa600bc84,1,38.219
SPQ4,60d1ddaca95145c1433a9c87,1,53.226
SPQ4,5bf725d2120df400011a6dca,1,46.271
SPQ4,60fb5516e04ddad82ee75e7f,1,150.363
SPQ4,60e3b18d3d4205b4c52ada56,1,40.284
SPQ4,6112aa865f237cf99d0b0094,1,152.899
SPQ4,648b962b8fdb1fa686213ac1,1,34.725
SPQ5,5fbbde667818f3dc301f6647,1,17.031
SPQ5,60c03680dc5dfe4723659602,1,7.86
SPQ5,5f0b615844c42c2bc9b39df4,1,10.943
SPQ5,63469117956f3451ba159ff8,1,12.183
SPQ5,5fc803acace3cd0fe2b214c5,0,12.88
SPQ5,5bde1e00ddec0b00013494d3,0,35.453
SPQ5,5b3216e0a8327d0001001dc0,1,22.46
SPQ5,58dd0b15402260000102895b,0,10.975
SPQ5,6033f09832d8421272da43ac,0,14.357
SPQ5,5e8bbf2d430dd50008c4fccc,1,16.459
SPQ5,5d6d82acab68f90001f53194,0,95.451
SPQ5,60df2a263ca14a01eb3d4732,1,84.806
SPQ5,60d4477467e235cde30140a9,0,17.935
SPQ5,5b6f07e3601c8600019328de,1,56.996
SPQ5,5f33e30b15e48023096678e4,1,66.439
SPQ5,59987d310ed7ae0001991afa,0,14.862
SPQ5,629635e6104b144684c6e015,1,18.29
SPQ5,61183bece4c3e63512e3eb5d,1,30.365
SPQ5,6169e8a8311d269013eb73c7,0,18.458
SPQ5,61413300c9d2346cfb3d9ca5,1,35.403
SPQ5,61645f61082ddd043101a1e6,1,118.009
SPQ5,5c49c9ebe02ead00019b0a5b,0,46.647
SPQ5,61572b39d8a0be3869ccd5ae,1,8.837
SPQ5,5e8e38da572c650e2ede51c9,0,21.901
SPQ5,611cecbdfd30c0b2cea5e0bc,0,58.759
SPQ5,60fb690497b26a3c1c6b8c0b,1,44.123
SPQ5,60f1f1d4ac991a259b83f603,0,67.654
SPQ5,6158031479297ac1c777b5dc,1,602.043
SPQ5,5f45772f6c74b91760652841,0,45.145
SPQ5,60decd2097f9a85cd3a908b0,0,16.233
SPQ5,6107aa76ee9845023fb0cb80,0,51.176
SPQ5,613d0ef50abfe24aa600bc84,1,87.906
SPQ5,60d1ddaca95145c1433a9c87,0,101.34
SPQ5,5bf725d2120df400011a6dca,1,62.583
SPQ5,60fb5516e04ddad82ee75e7f,0,39.751
SPQ5,60e3b18d3d4205b4c52ada56,1,50.08
SPQ5,6112aa865f237cf99d0b0094,1,61.384
SPQ5,648b962b8fdb1fa686213ac1,1,15.073
LCQ1,5fbbde667818f3dc301f6647,1,14.638
LCQ1,60db47093e2683c0a02d1541,1,18.333
LCQ1,5ebf2540dc45b2302a7118f9,1,15.153
LCQ1,5f0b615844c42c2bc9b39df4,1,12.575
LCQ1,5eac9ad77c0fb830e457d0c6,1,30.121
LCQ1,602685272894b2310c631f4f,1,19.307
LCQ1,5f24978b3b9626088ac0eeb7,1,12.219
LCQ1,5f19dc86afa07c0894f60578,1,10.327
LCQ1,5dc3dd5984799a2bf697cb17,1,13.347
LCQ1,5f0e0e058a700b10c7ac250f,1,15.99
LCQ1,58dd0b15402260000102895b,1,9.225
LCQ1,6166a03f5063db088c458b73,1,11.994
LCQ1,5b7a0bb43c13750001982223,1,16.292
LCQ1,601a3f1c5ae80c23d4ce0f02,1,17.457
LCQ1,617598d967559810c706d5a5,1,10.231
LCQ1,60df2a263ca14a01eb3d4732,1,23.862
LCQ1,5d0aa9aa5047d20018b8490d,1,24.297
LCQ1,6134d21dcb8ab807bad2df99,1,19.794
LCQ1,5eaf44985f544b0009fd08b6,1,26.686
LCQ1,629635e6104b144684c6e015,1,18.669
LCQ1,61196ccab9b0c6a17c0e9b3b,1,14.672
LCQ1,6169e8a8311d269013eb73c7,1,14.0
LCQ1,608c64e14968cdd8dcbe1be4,1,26.533
LCQ1,60f18f433a08db69fcadb70d,1,15.091
LCQ1,5d1cd7cc2d5a8a00010f09ae,1,64.963
LCQ1,6160c25a14f8a02a8b63f024,1,49.935
LCQ1,6165cc70337bed7476a20f97,1,17.297
LCQ1,5fec281aeae543d80d09fbc0,1,18.577
LCQ1,5ed7239e4aaed51a7d11e94e,1,20.851
LCQ1,614b6e4a03ded5acfe2ef9b0,1,13.412
LCQ1,60c3c8f790736ad8d329816b,1,21.226
LCQ1,6107aa76ee9845023fb0cb80,0,20.871
LCQ1,6107acc592df914a921e2b41,1,26.883
LCQ1,6141375df579b5d078fe12dc,1,53.235
LCQ1,613e868f4d6c157238b8fd87,1,37.427
LCQ1,5eab7843de4724150babfd6b,1,6.711
LCQ1,64eb55ead08d423f0081c8f5,1,93.796
LCQ1,613a6f333eacb2c4641d0540,1,51.698
LCQ1,610d73cf15869b837eff907e,1,35.824
LCQ1,5e0a095a54ff2329aa070d54,1,106.557
LCQ1,5fbfe145e52a44000a9c2966,1,36.889
LCQ2,5fbbde667818f3dc301f6647,1,8.687
LCQ2,60db47093e2683c0a02d1541,1,68.07
LCQ2,5ebf2540dc45b2302a7118f9,1,5.503
LCQ2,5f0b615844c42c2bc9b39df4,1,9.958
LCQ2,5eac9ad77c0fb830e457d0c6,1,16.489
LCQ2,602685272894b2310c631f4f,1,6.317
LCQ2,5f24978b3b9626088ac0eeb7,1,9.938
LCQ2,5f19dc86afa07c0894f60578,1,7.884
LCQ2,5dc3dd5984799a2bf697cb17,1,12.442
LCQ2,5f0e0e058a700b10c7ac250f,1,9.325
LCQ2,58dd0b15402260000102895b,1,9.992
LCQ2,6166a03f5063db088c458b73,1,11.764
LCQ2,5b7a0bb43c13750001982223,1,11.018
LCQ2,601a3f1c5ae80c23d4ce0f02,1,9.235
LCQ2,617598d967559810c706d5a5,1,11.202
LCQ2,60df2a263ca14a01eb3d4732,1,8.545
LCQ2,5d0aa9aa5047d20018b8490d,1,7.117
LCQ2,6134d21dcb8ab807bad2df99,1,18.108
LCQ2,5eaf44985f544b0009fd08b6,1,10.038
LCQ2,629635e6104b144684c6e015,1,17.959
LCQ2,61196ccab9b0c6a17c0e9b3b,1,10.857
LCQ2,6169e8a8311d269013eb73c7,1,15.499
LCQ2,608c64e14968cdd8dcbe1be4,1,23.601
LCQ2,60f18f433a08db69fcadb70d,1,7.38
LCQ2,5d1cd7cc2d5a8a00010f09ae,1,14.754
LCQ2,6160c25a14f8a02a8b63f024,1,11.375
LCQ2,6165cc70337bed7476a20f97,1,13.317
LCQ2,5fec281aeae543d80d09fbc0,1,8.543
LCQ2,5ed7239e4aaed51a7d11e94e,1,21.682
LCQ2,614b6e4a03ded5acfe2ef9b0,1,6.78
LCQ2,60c3c8f790736ad8d329816b,1,13.394
LCQ2,6107aa76ee9845023fb0cb80,1,49.447
LCQ2,6107acc592df914a921e2b41,1,12.627
LCQ2,6141375df579b5d078fe12dc,1,10.009
LCQ2,613e868f4d6c157238b8fd87,1,58.2
LCQ2,5eab7843de4724150babfd6b,1,13.088
LCQ2,64eb55ead08d423f0081c8f5,1,14.824
LCQ2,613a6f333eacb2c4641d0540,1,17.541
LCQ2,610d73cf15869b837eff907e,1,12.837
LCQ2,5e0a095a54ff2329aa070d54,1,7.302
LCQ2,5fbfe145e52a44000a9c2966,1,30.702
LCQ3,5fbbde667818f3dc301f6647,1,13.736
LCQ3,60db47093e2683c0a02d1541,1,63.685
LCQ3,5ebf2540dc45b2302a7118f9,1,43.885
LCQ3,5f0b615844c42c2bc9b39df4,1,35.103
LCQ3,5eac9ad77c0fb830e457d0c6,1,30.651
LCQ3,602685272894b2310c631f4f,1,16.372
LCQ3,5f24978b3b9626088ac0eeb7,1,36.878
LCQ3,5f19dc86afa07c0894f60578,0,19.655
LCQ3,5dc3dd5984799a2bf697cb17,1,16.793
LCQ3,5f0e0e058a700b10c7ac250f,0,14.735
LCQ3,58dd0b15402260000102895b,1,44.09
LCQ3,6166a03f5063db088c458b73,1,36.379
LCQ3,5b7a0bb43c13750001982223,1,32.736
LCQ3,601a3f1c5ae80c23d4ce0f02,1,67.247
LCQ3,617598d967559810c706d5a5,1,12.4
LCQ3,60df2a263ca14a01eb3d4732,1,21.126
LCQ3,5d0aa9aa5047d20018b8490d,1,25.628
LCQ3,6134d21dcb8ab807bad2df99,1,25.845
LCQ3,5eaf44985f544b0009fd08b6,1,40.727
LCQ3,629635e6104b144684c6e015,1,75.313
LCQ3,61196ccab9b0c6a17c0e9b3b,1,36.378
LCQ3,6169e8a8311d269013eb73c7,1,41.881
LCQ3,608c64e14968cdd8dcbe1be4,1,27.925
LCQ3,60f18f433a08db69fcadb70d,1,129.703
LCQ3,5d1cd7cc2d5a8a00010f09ae,1,20.03
LCQ3,6160c25a14f8a02a8b63f024,1,28.246
LCQ3,6165cc70337bed7476a20f97,0,32.519
LCQ3,5fec281aeae543d80d09fbc0,1,122.573
LCQ3,5ed7239e4aaed51a7d11e94e,1,66.803
LCQ3,614b6e4a03ded5acfe2ef9b0,1,17.124
LCQ3,60c3c8f790736ad8d329816b,0,62.896
LCQ3,6107aa76ee9845023fb0cb80,1,60.964
LCQ3,6107acc592df914a921e2b41,1,43.601
LCQ3,6141375df579b5d078fe12dc,1,39.169
LCQ3,613e868f4d6c157238b8fd87,1,75.066
LCQ3,5eab7843de4724150babfd6b,1,38.923
LCQ3,64eb55ead08d423f0081c8f5,1,67.726
LCQ3,613a6f333eacb2c4641d0540,1,33.666
LCQ3,610d73cf15869b837eff907e,1,224.691
LCQ3,5e0a095a54ff2329aa070d54,1,29.866
LCQ3,5fbfe145e52a44000a9c2966,1,211.042
LCQ4,5fbbde667818f3dc301f6647,1,8.38
LCQ4,60db47093e2683c0a02d1541,1,22.585
LCQ4,5ebf2540dc45b2302a7118f9,1,19.955
LCQ4,5f0b615844c42c2bc9b39df4,1,27.842
LCQ4,5eac9ad77c0fb830e457d0c6,1,12.418
LCQ4,602685272894b2310c631f4f,1,11.248
LCQ4,5f24978b3b9626088ac0eeb7,1,14.501
LCQ4,5f19dc86afa07c0894f60578,1,13.563
LCQ4,5dc3dd5984799a2bf697cb17,1,18.563
LCQ4,5f0e0e058a700b10c7ac250f,1,28.296
LCQ4,58dd0b15402260000102895b,1,17.939
LCQ4,6166a03f5063db088c458b73,1,21.677
LCQ4,5b7a0bb43c13750001982223,1,16.771
LCQ4,601a3f1c5ae80c23d4ce0f02,1,14.724
LCQ4,617598d967559810c706d5a5,1,20.922
LCQ4,60df2a263ca14a01eb3d4732,1,15.776
LCQ4,5d0aa9aa5047d20018b8490d,1,22.94
LCQ4,6134d21dcb8ab807bad2df99,1,36.347
LCQ4,5eaf44985f544b0009fd08b6,1,16.411
LCQ4,629635e6104b144684c6e015,1,19.278
LCQ4,61196ccab9b0c6a17c0e9b3b,1,40.39
LCQ4,6169e8a8311d269013eb73c7,1,42.999
LCQ4,608c64e14968cdd8dcbe1be4,1,23.912
LCQ4,60f18f433a08db69fcadb70d,1,56.246
LCQ4,5d1cd7cc2d5a8a00010f09ae,1,70.219
LCQ4,6160c25a14f8a02a8b63f024,1,20.998
LCQ4,6165cc70337bed7476a20f97,1,18.095
LCQ4,5fec281aeae543d80d09fbc0,1,45.895
LCQ4,5ed7239e4aaed51a7d11e94e,1,65.254
LCQ4,614b6e4a03ded5acfe2ef9b0,0,46.155
LCQ4,60c3c8f790736ad8d329816b,0,33.604
LCQ4,6107aa76ee9845023fb0cb80,1,71.266
LCQ4,6107acc592df914a921e2b41,1,78.706
LCQ4,6141375df579b5d078fe12dc,1,22.057
LCQ4,613e868f4d6c157238b8fd87,1,19.403
LCQ4,5eab7843de4724150babfd6b,1,7.53
LCQ4,64eb55ead08d423f0081c8f5,0,64.7
LCQ4,613a6f333eacb2c4641d0540,1,52.207
LCQ4,610d73cf15869b837eff907e,1,56.797
LCQ4,5e0a095a54ff2329aa070d54,1,24.108
LCQ4,5fbfe145e52a44000a9c2966,1,47.779
LCQ5,5fbbde667818f3dc301f6647,1,65.519
LCQ5,60db47093e2683c0a02d1541,1,28.284
LCQ5,5ebf2540dc45b2302a7118f9,1,35.08
LCQ5,5f0b615844c42c2bc9b39df4,1,29.582
LCQ5,5eac9ad77c0fb830e457d0c6,1,22.839
LCQ5,602685272894b2310c631f4f,1,34.303
LCQ5,5f24978b3b9626088ac0eeb7,1,31.9
LCQ5,5f19dc86afa07c0894f60578,1,33.508
LCQ5,5dc3dd5984799a2bf697cb17,0,21.46
LCQ5,5f0e0e058a700b10c7ac250f,1,23.956
LCQ5,58dd0b15402260000102895b,1,55.103
LCQ5,6166a03f5063db088c458b73,1,43.9
LCQ5,5b7a0bb43c13750001982223,1,28.138
LCQ5,601a3f1c5ae80c23d4ce0f02,1,36.385
LCQ5,617598d967559810c706d5a5,1,40.429
LCQ5,60df2a263ca14a01eb3d4732,1,26.252
LCQ5,5d0aa9aa5047d20018b8490d,1,31.08
LCQ5,6134d21dcb8ab807bad2df99,1,60.101
LCQ5,5eaf44985f544b0009fd08b6,1,38.384
LCQ5,629635e6104b144684c6e015,1,82.291
LCQ5,61196ccab9b0c6a17c0e9b3b,1,48.423
LCQ5,6169e8a8311d269013eb73c7,1,41.888
LCQ5,608c64e14968cdd8dcbe1be4,1,58.305
LCQ5,60f18f433a08db69fcadb70d,1,42.813
LCQ5,5d1cd7cc2d5a8a00010f09ae,0,103.201
LCQ5,6160c25a14f8a02a8b63f024,1,46.786
LCQ5,6165cc70337bed7476a20f97,1,63.263
LCQ5,5fec281aeae543d80d09fbc0,1,48.222
LCQ5,5ed7239e4aaed51a7d11e94e,0,50.892
LCQ5,614b6e4a03ded5acfe2ef9b0,0,21.92
LCQ5,60c3c8f790736ad8d329816b,0,110.416
LCQ5,6107aa76ee9845023fb0cb80,1,63.111
LCQ5,6107acc592df914a921e2b41,1,62.487
LCQ5,6141375df579b5d078fe12dc,1,48.743
LCQ5,613e868f4d6c157238b8fd87,0,82.078
LCQ5,5eab7843de4724150babfd6b,1,49.525
LCQ5,64eb55ead08d423f0081c8f5,0,68.534
LCQ5,613a6f333eacb2c4641d0540,1,78.152
LCQ5,610d73cf15869b837eff907e,0,65.976
LCQ5,5e0a095a54ff2329aa070d54,0,31.876
LCQ5,5fbfe145e52a44000a9c2966,1,105.042
BuCQ2,60c03680dc5dfe4723659602,0,9.036
BuCQ2,611176c648be062acf123468,0,18.763
BuCQ2,5f18348b01348e0716a1978a,1,26.064
BuCQ2,5dc3dd5984799a2bf697cb17,1,107.223
BuCQ2,5b3216e0a8327d0001001dc0,0,39.261
BuCQ2,613a3fa3cd445d55f2e1a486,0,55.057
BuCQ2,5e569011c0486f03a51801b5,1,25.372
BuCQ2,6166a03f5063db088c458b73,1,45.082
BuCQ2,616f94cd9cd003d37c9db38c,0,19.599
BuCQ2,5d1f3c99608da700167a1391,0,22.947
BuCQ2,5d6d82acab68f90001f53194,1,65.738
BuCQ2,5f33e30b15e48023096678e4,1,56.095
BuCQ2,5bddcde7072d980001a8a9cf,1,35.963
BuCQ2,6140ef6c6783290ec216b9cb,0,51.322
BuCQ2,5e2881eaa9af590560d04047,1,36.284
BuCQ2,5e1f321074dfbe028c2fbb18,1,29.537
BuCQ2,5ef0b54037a90c618ad9e97f,1,83.62
BuCQ2,5d8a8df05722b400010ae948,0,25.267
BuCQ2,6154b3a7e4bc93e1ce93c6bc,0,27.648
BuCQ2,61645f61082ddd043101a1e6,0,38.592
BuCQ2,5a5110bb76d1c60001aaa059,0,17.67
BuCQ2,60b7b5ce0da770969690168b,1,108.1
BuCQ2,60c786784d9c439658d4600a,1,46.39
BuCQ2,611d0e8e242d979c62655c57,1,69.469
BuCQ2,5c49c9ebe02ead00019b0a5b,0,42.941
BuCQ2,5f1caf052171f856a1e484d2,0,37.994
BuCQ2,611cecbdfd30c0b2cea5e0bc,1,50.887
BuCQ2,60fb690497b26a3c1c6b8c0b,1,38.263
BuCQ2,60f8334891c71768b6719ef6,0,74.202
BuCQ2,615f04836985bb3ce5815f3c,1,86.833
BuCQ2,613d0ef50abfe24aa600bc84,1,71.461
BuCQ2,61545919a17f1331cb7b33a7,0,52.303
BuCQ2,61053334bb5ec9d6f2918ba1,0,87.503
BuCQ2,5f7f6ea18b9c4a117d887a3f,0,34.657
BuCQ2,612fa61dd0fc020053aa94dd,0,70.34
BuCQ2,61176ed28c8935138ab6a64b,0,62.303
BuCQ2,614397e06d85fcb10c7c9087,0,42.154
BuCQ2,60e3b18d3d4205b4c52ada56,0,64.143
BuCQ2,62d5cef0d9f0379a81a33cf1,0,39.982
BuCQ2,5fbfe145e52a44000a9c2966,1,128.01
BuCQ3,60c03680dc5dfe4723659602,1,24.267999999999972
BuCQ3,611176c648be062acf123468,1,28.14349999999996
BuCQ3,5f18348b01348e0716a1978a,1,40.29600000000005
BuCQ3,5dc3dd5984799a2bf697cb17,1,28.522500000000036
BuCQ3,5b3216e0a8327d0001001dc0,1,45.89749999999998
BuCQ3,613a3fa3cd445d55f2e1a486,1,46.266500000000065
BuCQ3,5e569011c0486f03a51801b5,1,38.936999999999955
BuCQ3,6166a03f5063db088c458b73,1,33.99750000000006
BuCQ3,616f94cd9cd003d37c9db38c,1,44.16450000000009
BuCQ3,5d1f3c99608da700167a1391,1,51.355500000000006
BuCQ3,5d6d82acab68f90001f53194,1,53.46999999999997
BuCQ3,5f33e30b15e48023096678e4,1,53.8515000000001
BuCQ3,5bddcde7072d980001a8a9cf,1,27.214999999999975
BuCQ3,6140ef6c6783290ec216b9cb,1,49.76049999999998
BuCQ3,5e2881eaa9af590560d04047,1,50.03899999999999
BuCQ3,5e1f321074dfbe028c2fbb18,1,22.694999999999993
BuCQ3,5ef0b54037a90c618ad9e97f,1,31.44100000000003
BuCQ3,5d8a8df05722b400010ae948,1,20.01150000000007
BuCQ3,6154b3a7e4bc93e1ce93c6bc,0,58.329000000000065
BuCQ3,61645f61082ddd043101a1e6,1,22.181499999999915
BuCQ3,5a5110bb76d1c60001aaa059,1,48.803499999999985
BuCQ3,60b7b5ce0da770969690168b,1,24.514000000000124
BuCQ3,60c786784d9c439658d4600a,0,49.311000000000035
BuCQ3,611d0e8e242d979c62655c57,1,29.515999999999963
BuCQ3,5c49c9ebe02ead00019b0a5b,1,27.828999999999837
BuCQ3,5f1caf052171f856a1e484d2,1,24.50249999999994
BuCQ3,611cecbdfd30c0b2cea5e0bc,1,27.481499999999983
BuCQ3,60fb690497b26a3c1c6b8c0b,1,42.52649999999983
BuCQ3,60f8334891c71768b6719ef6,0,25.880999999999972
BuCQ3,615f04836985bb3ce5815f3c,1,36.53200000000004
BuCQ3,613d0ef50abfe24aa600bc84,1,39.07600000000002
BuCQ3,61545919a17f1331cb7b33a7,1,26.67600000000016
BuCQ3,61053334bb5ec9d6f2918ba1,1,35.18599999999992
BuCQ3,5f7f6ea18b9c4a117d887a3f,1,29.929000000000087
BuCQ3,612fa61dd0fc020053aa94dd,1,21.698000000000093
BuCQ3,61176ed28c8935138ab6a64b,1,42.850999999999885
BuCQ3,614397e06d85fcb10c7c9087,1,30.875
BuCQ3,60e3b18d3d4205b4c52ada56,1,29.140499999999975
BuCQ3,62d5cef0d9f0379a81a33cf1,1,31.630499999999984
BuCQ3,5fbfe145e52a44000a9c2966,1,53.40949999999998
BuCQ4,60c03680dc5dfe4723659602,0,20.968
BuCQ4,611176c648be062acf123468,1,22.316
BuCQ4,5f18348b01348e0716a1978a,0,35.1
BuCQ4,5dc3dd5984799a2bf697cb17,0,14.224
BuCQ4,5b3216e0a8327d0001001dc0,1,19.859
BuCQ4,613a3fa3cd445d55f2e1a486,0,55.74
BuCQ4,5e569011c0486f03a51801b5,1,23.224
BuCQ4,6166a03f5063db088c458b73,1,19.242
BuCQ4,616f94cd9cd003d37c9db38c,1,10.703
BuCQ4,5d1f3c99608da700167a1391,1,29.347
BuCQ4,5d6d82acab68f90001f53194,1,14.811
BuCQ4,5f33e30b15e48023096678e4,1,34.142
BuCQ4,5bddcde7072d980001a8a9cf,1,17.156
BuCQ4,6140ef6c6783290ec216b9cb,1,16.936
BuCQ4,5e2881eaa9af590560d04047,0,19.963
BuCQ4,5e1f321074dfbe028c2fbb18,1,11.022
BuCQ4,5ef0b54037a90c618ad9e97f,1,142.896
BuCQ4,5d8a8df05722b400010ae948,1,25.485
BuCQ4,6154b3a7e4bc93e1ce93c6bc,1,14.221
BuCQ4,61645f61082ddd043101a1e6,0,27.196
BuCQ4,5a5110bb76d1c60001aaa059,0,32.773
BuCQ4,60b7b5ce0da770969690168b,1,21.878
BuCQ4,60c786784d9c439658d4600a,1,88.935
BuCQ4,611d0e8e242d979c62655c57,1,127.696
BuCQ4,5c49c9ebe02ead00019b0a5b,1,49.771
BuCQ4,5f1caf052171f856a1e484d2,1,27.945
BuCQ4,611cecbdfd30c0b2cea5e0bc,1,50.039
BuCQ4,60fb690497b26a3c1c6b8c0b,0,84.894
BuCQ4,60f8334891c71768b6719ef6,1,39.327
BuCQ4,615f04836985bb3ce5815f3c,1,87.181
BuCQ4,613d0ef50abfe24aa600bc84,1,28.451
BuCQ4,61545919a17f1331cb7b33a7,1,39.137
BuCQ4,61053334bb5ec9d6f2918ba1,0,37.692
BuCQ4,5f7f6ea18b9c4a117d887a3f,1,38.489
BuCQ4,612fa61dd0fc020053aa94dd,0,87.174
BuCQ4,61176ed28c8935138ab6a64b,0,8.181
BuCQ4,614397e06d85fcb10c7c9087,1,39.501
BuCQ4,60e3b18d3d4205b4c52ada56,0,131.251
BuCQ4,62d5cef0d9f0379a81a33cf1,0,38.985
BuCQ4,5fbfe145e52a44000a9c2966,1,37.791
BuCQ5,60c03680dc5dfe4723659602,0,16.992
BuCQ5,611176c648be062acf123468,0,13.542
BuCQ5,5f18348b01348e0716a1978a,1,37.452
BuCQ5,5dc3dd5984799a2bf697cb17,0,33.237
BuCQ5,5b3216e0a8327d0001001dc0,1,92.478
BuCQ5,613a3fa3cd445d55f2e1a486,0,43.699
BuCQ5,5e569011c0486f03a51801b5,0,19.908
BuCQ5,6166a03f5063db088c458b73,0,36.818
BuCQ5,616f94cd9cd003d37c9db38c,1,17.798
BuCQ5,5d1f3c99608da700167a1391,0,37.331
BuCQ5,5d6d82acab68f90001f53194,1,19.12
BuCQ5,5f33e30b15e48023096678e4,0,33.885
BuCQ5,5bddcde7072d980001a8a9cf,0,12.129
BuCQ5,6140ef6c6783290ec216b9cb,0,29.141
BuCQ5,5e2881eaa9af590560d04047,0,42.017
BuCQ5,5e1f321074dfbe028c2fbb18,1,127.898
BuCQ5,5ef0b54037a90c618ad9e97f,0,73.938
BuCQ5,5d8a8df05722b400010ae948,0,63.902
BuCQ5,6154b3a7e4bc93e1ce93c6bc,0,33.927
BuCQ5,61645f61082ddd043101a1e6,0,33.413
BuCQ5,5a5110bb76d1c60001aaa059,0,33.704
BuCQ5,60b7b5ce0da770969690168b,0,88.61
BuCQ5,60c786784d9c439658d4600a,1,48.571
BuCQ5,611d0e8e242d979c62655c57,1,40.601
BuCQ5,5c49c9ebe02ead00019b0a5b,1,30.743
BuCQ5,5f1caf052171f856a1e484d2,0,126.312
BuCQ5,611cecbdfd30c0b2cea5e0bc,0,16.645
BuCQ5,60fb690497b26a3c1c6b8c0b,0,22.808
BuCQ5,60f8334891c71768b6719ef6,0,44.299
BuCQ5,615f04836985bb3ce5815f3c,1,73.163
BuCQ5,613d0ef50abfe24aa600bc84,1,134.802
BuCQ5,61545919a17f1331cb7b33a7,1,133.709
BuCQ5,61053334bb5ec9d6f2918ba1,0,68.355
BuCQ5,5f7f6ea18b9c4a117d887a3f,1,209.144
BuCQ5,612fa61dd0fc020053aa94dd,1,66.022
BuCQ5,61176ed28c8935138ab6a64b,0,77.215
BuCQ5,614397e06d85fcb10c7c9087,1,56.95
BuCQ5,60e3b18d3d4205b4c52ada56,1,59.449
BuCQ5,62d5cef0d9f0379a81a33cf1,0,25.397
BuCQ5,5fbfe145e52a44000a9c2966,0,105.334
BuCQ6,60c03680dc5dfe4723659602,1,7.148
BuCQ6,611176c648be062acf123468,1,14.209
BuCQ6,5f18348b01348e0716a1978a,1,14.483
BuCQ6,5dc3dd5984799a2bf697cb17,1,12.575
BuCQ6,5b3216e0a8327d0001001dc0,1,18.633
BuCQ6,613a3fa3cd445d55f2e1a486,1,56.792
BuCQ6,5e569011c0486f03a51801b5,1,21.426
BuCQ6,6166a03f5063db088c458b73,1,29.084
BuCQ6,616f94cd9cd003d37c9db38c,1,17.665
BuCQ6,5d1f3c99608da700167a1391,1,17.515
BuCQ6,5d6d82acab68f90001f53194,1,8.132
BuCQ6,5f33e30b15e48023096678e4,1,52.8
BuCQ6,5bddcde7072d980001a8a9cf,1,17.781
BuCQ6,6140ef6c6783290ec216b9cb,1,29.386
BuCQ6,5e2881eaa9af590560d04047,1,54.133
BuCQ6,5e1f321074dfbe028c2fbb18,1,11.783
BuCQ6,5ef0b54037a90c618ad9e97f,1,13.227
BuCQ6,5d8a8df05722b400010ae948,1,16.3
BuCQ6,6154b3a7e4bc93e1ce93c6bc,1,25.882
BuCQ6,61645f61082ddd043101a1e6,1,32.984
BuCQ6,5a5110bb76d1c60001aaa059,0,45.697
BuCQ6,60b7b5ce0da770969690168b,1,16.202
BuCQ6,60c786784d9c439658d4600a,1,25.962
BuCQ6,611d0e8e242d979c62655c57,1,60.21
BuCQ6,5c49c9ebe02ead00019b0a5b,1,13.37
BuCQ6,5f1caf052171f856a1e484d2,1,35.022
BuCQ6,611cecbdfd30c0b2cea5e0bc,0,34.911
BuCQ6,60fb690497b26a3c1c6b8c0b,1,21.541
BuCQ6,60f8334891c71768b6719ef6,1,41.133
BuCQ6,615f04836985bb3ce5815f3c,0,25.474
BuCQ6,613d0ef50abfe24aa600bc84,1,83.367
BuCQ6,61545919a17f1331cb7b33a7,1,40.567
BuCQ6,61053334bb5ec9d6f2918ba1,0,13.487
BuCQ6,5f7f6ea18b9c4a117d887a3f,1,12.3
BuCQ6,612fa61dd0fc020053aa94dd,1,27.075
BuCQ6,61176ed28c8935138ab6a64b,0,35.768
BuCQ6,614397e06d85fcb10c7c9087,1,39.991
BuCQ6,60e3b18d3d4205b4c52ada56,0,35.062
BuCQ6,62d5cef0d9f0379a81a33cf1,0,19.372
BuCQ6,5fbfe145e52a44000a9c2966,1,70.905
ACQ1,611176c648be062acf123468,1,15.907
ACQ1,5f19dc86afa07c0894f60578,1,34.799
ACQ1,5f315af6d221ae0e7843dc13,1,29.404
ACQ1,61489f86e02baa417fcc98b2,1,27.931
ACQ1,5e3182adf6bb2315a48da619,1,21.375
ACQ1,5f6785ff73bbcf3923de77cc,0,34.234
ACQ1,60d4477467e235cde30140a9,1,17.991
ACQ1,5bddcde7072d980001a8a9cf,0,75.022
ACQ1,61183bece4c3e63512e3eb5d,1,21.237
ACQ1,60f18f433a08db69fcadb70d,1,21.814
ACQ1,613284d37713a1645330938f,1,63.999
ACQ1,5d1cd7cc2d5a8a00010f09ae,1,65.702
ACQ1,5e8e38da572c650e2ede51c9,0,95.1
ACQ1,60f8334891c71768b6719ef6,0,74.055
ACQ1,5b16bc7644127b00013f7245,1,46.185
ACQ1,615f04836985bb3ce5815f3c,1,31.13
ACQ1,6107acc592df914a921e2b41,0,34.659
ACQ1,6141375df579b5d078fe12dc,1,43.575
ACQ1,61176ed28c8935138ab6a64b,1,21.421
ACQ1,6112aa865f237cf99d0b0094,0,74.002
ACQ1,5bdf91dbb32fa800012ea282,1,119.526
ACQ2,611176c648be062acf123468,1,59.586
ACQ2,5f19dc86afa07c0894f60578,1,10.957
ACQ2,5f315af6d221ae0e7843dc13,0,13.099
ACQ2,61489f86e02baa417fcc98b2,1,17.451
ACQ2,5e3182adf6bb2315a48da619,1,24.048
ACQ2,5f6785ff73bbcf3923de77cc,1,23.823
ACQ2,60d4477467e235cde30140a9,0,43.753
ACQ2,5bddcde7072d980001a8a9cf,0,31.526
ACQ2,61183bece4c3e63512e3eb5d,1,32.78
ACQ2,60f18f433a08db69fcadb70d,1,24.324
ACQ2,613284d37713a1645330938f,1,49.256
ACQ2,5d1cd7cc2d5a8a00010f09ae,1,53.119
ACQ2,5e8e38da572c650e2ede51c9,0,34.902
ACQ2,60f8334891c71768b6719ef6,0,161.764
ACQ2,5b16bc7644127b00013f7245,1,104.263
ACQ2,615f04836985bb3ce5815f3c,0,37.262
ACQ2,6107acc592df914a921e2b41,1,38.258
ACQ2,6141375df579b5d078fe12dc,0,130.098
ACQ2,61176ed28c8935138ab6a64b,1,54.82
ACQ2,6112aa865f237cf99d0b0094,0,158.595
ACQ2,5bdf91dbb32fa800012ea282,1,147.237
ACQ3,611176c648be062acf123468,1,36.386
ACQ3,5f19dc86afa07c0894f60578,0,35.538
ACQ3,5f315af6d221ae0e7843dc13,1,38.193
ACQ3,61489f86e02baa417fcc98b2,1,48.194
ACQ3,5e3182adf6bb2315a48da619,1,60.2
ACQ3,5f6785ff73bbcf3923de77cc,0,28.67
ACQ3,60d4477467e235cde30140a9,0,22.872
ACQ3,5bddcde7072d980001a8a9cf,0,31.582
ACQ3,61183bece4c3e63512e3eb5d,0,66.459
ACQ3,60f18f433a08db69fcadb70d,0,56.919
ACQ3,613284d37713a1645330938f,0,62.931
ACQ3,5d1cd7cc2d5a8a00010f09ae,1,107.379
ACQ3,5e8e38da572c650e2ede51c9,0,70.999
ACQ3,60f8334891c71768b6719ef6,0,173.161
ACQ3,5b16bc7644127b00013f7245,1,93.171
ACQ3,615f04836985bb3ce5815f3c,0,109.002
ACQ3,6107acc592df914a921e2b41,0,54.371
ACQ3,6141375df579b5d078fe12dc,0,64.288
ACQ3,61176ed28c8935138ab6a64b,0,175.585
ACQ3,6112aa865f237cf99d0b0094,1,316.501
ACQ3,5bdf91dbb32fa800012ea282,1,97.756
ACQ4,611176c648be062acf123468,0,22.315
ACQ4,5f19dc86afa07c0894f60578,0,16.492
ACQ4,5f315af6d221ae0e7843dc13,0,19.309
ACQ4,61489f86e02baa417fcc98b2,0,29.256
ACQ4,5e3182adf6bb2315a48da619,0,32.64
ACQ4,5f6785ff73bbcf3923de77cc,1,26.497
ACQ4,60d4477467e235cde30140a9,1,37.729
ACQ4,5bddcde7072d980001a8a9cf,1,66.798
ACQ4,61183bece4c3e63512e3eb5d,0,47.086
ACQ4,60f18f433a08db69fcadb70d,0,21.571
ACQ4,613284d37713a1645330938f,0,146.573
ACQ4,5d1cd7cc2d5a8a00010f09ae,0,24.373
ACQ4,5e8e38da572c650e2ede51c9,0,39.102
ACQ4,60f8334891c71768b6719ef6,0,80.88
ACQ4,5b16bc7644127b00013f7245,0,23.02
ACQ4,615f04836985bb3ce5815f3c,1,48.502
ACQ4,6107acc592df914a921e2b41,1,28.016
ACQ4,6141375df579b5d078fe12dc,0,61.403
ACQ4,61176ed28c8935138ab6a64b,1,68.558
ACQ4,6112aa865f237cf99d0b0094,0,176.522
ACQ4,5bdf91dbb32fa800012ea282,1,185.632
AC2Q1,60db47093e2683c0a02d1541,1,50.519
AC2Q1,602685272894b2310c631f4f,1,19.555
AC2Q1,604261cfffdadc107f6b29c2,1,32.973
AC2Q1,63469117956f3451ba159ff8,1,26.612
AC2Q1,5cb4adc019ee7300189e8547,0,41.365
AC2Q1,60309b6162da62f3898324d4,1,41.03
AC2Q1,5e8bbf2d430dd50008c4fccc,1,19.535
AC2Q1,5d1f3c99608da700167a1391,1,23.534
AC2Q1,601a3f1c5ae80c23d4ce0f02,0,17.717
AC2Q1,5b6f07e3601c8600019328de,1,19.728
AC2Q1,5e1f321074dfbe028c2fbb18,1,22.736
AC2Q1,5ef0b54037a90c618ad9e97f,1,36.841
AC2Q1,61230876ad65890ff8619511,0,21.821
AC2Q1,60d3acd071e98de7a42743ac,1,50.375
AC2Q1,60b7b5ce0da770969690168b,1,36.35
AC2Q1,611d0e8e242d979c62655c57,1,62.535
AC2Q1,61690cac90729702f4d563de,1,34.773
AC2Q1,614b6e4a03ded5acfe2ef9b0,0,1094.252
AC2Q1,613e868f4d6c157238b8fd87,0,134.151
AC2Q1,613a930ddceaa99a97d512bb,1,30.176
AC2Q1,613d20af66c5431995b4cbdc,0,82.821
AC2Q2,60db47093e2683c0a02d1541,1,70.329
AC2Q2,602685272894b2310c631f4f,1,35.902
AC2Q2,604261cfffdadc107f6b29c2,1,43.709
AC2Q2,63469117956f3451ba159ff8,1,18.311
AC2Q2,5cb4adc019ee7300189e8547,1,38.341
AC2Q2,60309b6162da62f3898324d4,1,24.736
AC2Q2,5e8bbf2d430dd50008c4fccc,0,20.958
AC2Q2,5d1f3c99608da700167a1391,0,23.804
AC2Q2,601a3f1c5ae80c23d4ce0f02,1,23.139
AC2Q2,5b6f07e3601c8600019328de,1,16.59
AC2Q2,5e1f321074dfbe028c2fbb18,1,21.724
AC2Q2,5ef0b54037a90c618ad9e97f,1,17.754
AC2Q2,61230876ad65890ff8619511,0,47.121
AC2Q2,60d3acd071e98de7a42743ac,1,22.414
AC2Q2,60b7b5ce0da770969690168b,1,35.389
AC2Q2,611d0e8e242d979c62655c57,1,42.009
AC2Q2,61690cac90729702f4d563de,1,29.589
AC2Q2,614b6e4a03ded5acfe2ef9b0,1,18.805
AC2Q2,613e868f4d6c157238b8fd87,1,38.389
AC2Q2,613a930ddceaa99a97d512bb,1,48.143
AC2Q2,613d20af66c5431995b4cbdc,1,23.495
AC2Q3,60db47093e2683c0a02d1541,1,110.217
AC2Q3,602685272894b2310c631f4f,1,23.986
AC2Q3,604261cfffdadc107f6b29c2,1,41.926
AC2Q3,63469117956f3451ba159ff8,0,29.431
AC2Q3,5cb4adc019ee7300189e8547,0,77.666
AC2Q3,60309b6162da62f3898324d4,1,50.24
AC2Q3,5e8bbf2d430dd50008c4fccc,0,20.63
AC2Q3,5d1f3c99608da700167a1391,1,41.561
AC2Q3,601a3f1c5ae80c23d4ce0f02,0,75.07
AC2Q3,5b6f07e3601c8600019328de,0,31.572
AC2Q3,5e1f321074dfbe028c2fbb18,0,25.056
AC2Q3,5ef0b54037a90c618ad9e97f,1,58.298
AC2Q3,61230876ad65890ff8619511,1,52.789
AC2Q3,60d3acd071e98de7a42743ac,1,48.901
AC2Q3,60b7b5ce0da770969690168b,1,82.106
AC2Q3,611d0e8e242d979c62655c57,1,84.909
AC2Q3,61690cac90729702f4d563de,1,45.96
AC2Q3,614b6e4a03ded5acfe2ef9b0,1,73.479
AC2Q3,613e868f4d6c157238b8fd87,0,57.26
AC2Q3,613a930ddceaa99a97d512bb,1,448.257
AC2Q3,613d20af66c5431995b4cbdc,1,143.832
AC2Q4,60db47093e2683c0a02d1541,1,37.764
AC2Q4,602685272894b2310c631f4f,1,13.638
AC2Q4,604261cfffdadc107f6b29c2,1,28.169
AC2Q4,63469117956f3451ba159ff8,0,30.968
AC2Q4,5cb4adc019ee7300189e8547,1,23.81
AC2Q4,60309b6162da62f3898324d4,1,56.437
AC2Q4,5e8bbf2d430dd50008c4fccc,0,25.464
AC2Q4,5d1f3c99608da700167a1391,1,22.344
AC2Q4,601a3f1c5ae80c23d4ce0f02,1,74.368
AC2Q4,5b6f07e3601c8600019328de,1,25.819
AC2Q4,5e1f321074dfbe028c2fbb18,1,29.736
AC2Q4,5ef0b54037a90c618ad9e97f,1,20.795
AC2Q4,61230876ad65890ff8619511,1,39.086
AC2Q4,60d3acd071e98de7a42743ac,1,43.837
AC2Q4,60b7b5ce0da770969690168b,1,60.268
AC2Q4,611d0e8e242d979c62655c57,1,40.059
AC2Q4,61690cac90729702f4d563de,0,39.949
AC2Q4,614b6e4a03ded5acfe2ef9b0,1,23.791
AC2Q4,613e868f4d6c157238b8fd87,1,206.405
AC2Q4,613a930ddceaa99a97d512bb,1,68.81
AC2Q4,613d20af66c5431995b4cbdc,1,24.603
CCQ1,611176c648be062acf123468,1,11.0
CCQ1,5eac9ad77c0fb830e457d0c6,1,10.143
CCQ1,602685272894b2310c631f4f,1,8.78
CCQ1,5f19dc86afa07c0894f60578,1,11.175
CCQ1,5dc3dd5984799a2bf697cb17,1,9.618
CCQ1,5f0e0e058a700b10c7ac250f,1,16.78
CCQ1,5bde1e00ddec0b00013494d3,1,20.569
CCQ1,61489f86e02baa417fcc98b2,1,21.593
CCQ1,58dd0b15402260000102895b,1,11.434
CCQ1,5e569011c0486f03a51801b5,1,16.295
CCQ1,5e8bbf2d430dd50008c4fccc,1,12.789
CCQ1,616f94cd9cd003d37c9db38c,1,13.653
CCQ1,5e3182adf6bb2315a48da619,1,17.382
CCQ1,5b6f07e3601c8600019328de,1,39.989
CCQ1,5eaf44985f544b0009fd08b6,1,23.159
CCQ1,5bddcde7072d980001a8a9cf,1,12.276
CCQ1,61183bece4c3e63512e3eb5d,1,16.052
CCQ1,611a78efa6c36a674dc40cc6,1,11.152
CCQ1,61230876ad65890ff8619511,1,17.727
CCQ1,61645f61082ddd043101a1e6,1,23.791
CCQ1,60d3acd071e98de7a42743ac,1,17.704
CCQ1,5a5110bb76d1c60001aaa059,1,16.341
CCQ1,60c786784d9c439658d4600a,1,47.842
CCQ1,611d0e8e242d979c62655c57,1,16.381
CCQ1,5c49c9ebe02ead00019b0a5b,1,31.568
CCQ1,5f1caf052171f856a1e484d2,1,40.5
CCQ1,61572b39d8a0be3869ccd5ae,1,34.573
CCQ1,611cecbdfd30c0b2cea5e0bc,1,55.879
CCQ1,5ed7239e4aaed51a7d11e94e,1,19.194
CCQ1,614b6e4a03ded5acfe2ef9b0,1,14.75
CCQ1,6107acc592df914a921e2b41,1,22.724
CCQ1,613d0ef50abfe24aa600bc84,1,100.643
CCQ1,613a930ddceaa99a97d512bb,1,25.196
CCQ1,60d1ddaca95145c1433a9c87,1,19.186
CCQ1,6480fdb35359bd308df67b77,1,29.773
CCQ1,612fa61dd0fc020053aa94dd,1,52.575
CCQ1,613a6f333eacb2c4641d0540,1,31.45
CCQ1,610d73cf15869b837eff907e,1,26.528
CCQ1,62d5cef0d9f0379a81a33cf1,1,10.839
CCQ2,611176c648be062acf123468,1,23.062
CCQ2,5eac9ad77c0fb830e457d0c6,1,12.059
CCQ2,602685272894b2310c631f4f,1,10.096
CCQ2,5f19dc86afa07c0894f60578,1,10.934
CCQ2,5dc3dd5984799a2bf697cb17,1,16.117
CCQ2,5f0e0e058a700b10c7ac250f,1,19.61
CCQ2,5bde1e00ddec0b00013494d3,1,18.067
CCQ2,61489f86e02baa417fcc98b2,1,18.701
CCQ2,58dd0b15402260000102895b,1,8.813
CCQ2,5e569011c0486f03a51801b5,0,24.456
CCQ2,5e8bbf2d430dd50008c4fccc,1,12.86
CCQ2,616f94cd9cd003d37c9db38c,1,21.644
CCQ2,5e3182adf6bb2315a48da619,1,41.01
CCQ2,5b6f07e3601c8600019328de,0,21.27
CCQ2,5eaf44985f544b0009fd08b6,1,10.506
CCQ2,5bddcde7072d980001a8a9cf,0,28.741
CCQ2,61183bece4c3e63512e3eb5d,1,35.247
CCQ2,611a78efa6c36a674dc40cc6,1,18.669
CCQ2,61230876ad65890ff8619511,1,45.175
CCQ2,61645f61082ddd043101a1e6,1,104.111
CCQ2,60d3acd071e98de7a42743ac,1,63.883
CCQ2,5a5110bb76d1c60001aaa059,1,10.671
CCQ2,60c786784d9c439658d4600a,1,15.759
CCQ2,611d0e8e242d979c62655c57,1,32.0
CCQ2,5c49c9ebe02ead00019b0a5b,0,45.538
CCQ2,5f1caf052171f856a1e484d2,1,27.596
CCQ2,61572b39d8a0be3869ccd5ae,1,21.65
CCQ2,611cecbdfd30c0b2cea5e0bc,1,26.515
CCQ2,5ed7239e4aaed51a7d11e94e,0,54.608
CCQ2,614b6e4a03ded5acfe2ef9b0,1,89.13
CCQ2,6107acc592df914a921e2b41,1,30.359
CCQ2,613d0ef50abfe24aa600bc84,1,100.981
CCQ2,613a930ddceaa99a97d512bb,1,15.388
CCQ2,60d1ddaca95145c1433a9c87,1,64.898
CCQ2,6480fdb35359bd308df67b77,1,24.658
CCQ2,612fa61dd0fc020053aa94dd,1,59.812
CCQ2,613a6f333eacb2c4641d0540,1,23.758
CCQ2,610d73cf15869b837eff907e,1,51.501
CCQ2,62d5cef0d9f0379a81a33cf1,1,24.212
HCQ1,5fbbde667818f3dc301f6647,1,19.331
HCQ1,5f24978b3b9626088ac0eeb7,1,49.692
HCQ1,63469117956f3451ba159ff8,0,35.468
HCQ1,61489f86e02baa417fcc98b2,1,33.989
HCQ1,617598d967559810c706d5a5,1,26.84
HCQ1,6140ef6c6783290ec216b9cb,0,33.359
HCQ1,5e2881eaa9af590560d04047,1,41.54
HCQ1,59987d310ed7ae0001991afa,0,21.8
HCQ1,6154b3a7e4bc93e1ce93c6bc,1,35.607
HCQ1,60f18f433a08db69fcadb70d,1,151.09
HCQ1,5d1cd7cc2d5a8a00010f09ae,1,31.939
HCQ1,60c786784d9c439658d4600a,1,54.16
HCQ1,60fb690497b26a3c1c6b8c0b,1,69.462
HCQ1,60be61231b34e6b2bf1e76ab,0,51.273
HCQ1,5f45772f6c74b91760652841,0,121.589
HCQ1,6107aa76ee9845023fb0cb80,1,70.947
HCQ1,613e868f4d6c157238b8fd87,0,46.056
HCQ1,61176ed28c8935138ab6a64b,0,144.686
HCQ1,60e3b18d3d4205b4c52ada56,0,58.704
HCQ1,60b94f837bfda8b1977feef0,1,160.869
HCQ2,5fbbde667818f3dc301f6647,1,17.822
HCQ2,5f24978b3b9626088ac0eeb7,1,15.083
HCQ2,63469117956f3451ba159ff8,0,11.839
HCQ2,61489f86e02baa417fcc98b2,0,24.883
HCQ2,617598d967559810c706d5a5,1,15.8
HCQ2,6140ef6c6783290ec216b9cb,1,23.647
HCQ2,5e2881eaa9af590560d04047,1,73.874
HCQ2,59987d310ed7ae0001991afa,1,91.01
HCQ2,6154b3a7e4bc93e1ce93c6bc,0,29.233
HCQ2,60f18f433a08db69fcadb70d,1,27.331
HCQ2,5d1cd7cc2d5a8a00010f09ae,1,76.043
HCQ2,60c786784d9c439658d4600a,1,22.539
HCQ2,60fb690497b26a3c1c6b8c0b,1,23.339
HCQ2,60be61231b34e6b2bf1e76ab,1,19.248
HCQ2,5f45772f6c74b91760652841,1,15.118
HCQ2,6107aa76ee9845023fb0cb80,1,30.778
HCQ2,613e868f4d6c157238b8fd87,1,28.577
HCQ2,61176ed28c8935138ab6a64b,1,27.251
HCQ2,60e3b18d3d4205b4c52ada56,0,28.05
HCQ2,60b94f837bfda8b1977feef0,1,77.249
HCQ3,5fbbde667818f3dc301f6647,1,18.363
HCQ3,5f24978b3b9626088ac0eeb7,1,10.979
HCQ3,63469117956f3451ba159ff8,1,31.211
HCQ3,61489f86e02baa417fcc98b2,1,16.578
HCQ3,617598d967559810c706d5a5,1,15.313
HCQ3,6140ef6c6783290ec216b9cb,1,19.086
HCQ3,5e2881eaa9af590560d04047,1,57.13
HCQ3,59987d310ed7ae0001991afa,1,15.044
HCQ3,6154b3a7e4bc93e1ce93c6bc,1,13.7
HCQ3,60f18f433a08db69fcadb70d,1,16.291
HCQ3,5d1cd7cc2d5a8a00010f09ae,1,14.302
HCQ3,60c786784d9c439658d4600a,1,23.666
HCQ3,60fb690497b26a3c1c6b8c0b,1,34.523
HCQ3,60be61231b34e6b2bf1e76ab,0,43.632
HCQ3,5f45772f6c74b91760652841,1,30.213
HCQ3,6107aa76ee9845023fb0cb80,1,40.049
HCQ3,613e868f4d6c157238b8fd87,1,53.254
HCQ3,61176ed28c8935138ab6a64b,1,28.387
HCQ3,60e3b18d3d4205b4c52ada56,0,21.382
HCQ3,60b94f837bfda8b1977feef0,0,91.203
TMQ1,60c03680dc5dfe4723659602,1,7.315
TMQ1,60db47093e2683c0a02d1541,1,23.804
TMQ1,602685272894b2310c631f4f,1,20.344
TMQ1,5f19dc86afa07c0894f60578,1,15.837
TMQ1,5f315af6d221ae0e7843dc13,1,21.009
TMQ1,5f0e0e058a700b10c7ac250f,1,17.014
TMQ1,613a3fa3cd445d55f2e1a486,1,49.849
TMQ1,60309b6162da62f3898324d4,1,31.566
TMQ1,6166a03f5063db088c458b73,1,38.314
TMQ1,5e8bbf2d430dd50008c4fccc,1,14.906
TMQ1,5d1f3c99608da700167a1391,1,11.775
TMQ1,617598d967559810c706d5a5,1,31.549
TMQ1,6134d21dcb8ab807bad2df99,1,22.378
TMQ1,5e2881eaa9af590560d04047,1,14.495
TMQ1,59987d310ed7ae0001991afa,1,24.153
TMQ1,629635e6104b144684c6e015,0,46.896
TMQ1,61196ccab9b0c6a17c0e9b3b,1,34.017
TMQ1,5e1f321074dfbe028c2fbb18,1,15.073
TMQ1,5ef0b54037a90c618ad9e97f,1,84.48
TMQ1,61230876ad65890ff8619511,1,12.167
TMQ1,6169e8a8311d269013eb73c7,1,27.022
TMQ1,64c9286ef7a221c5a8f1b8a1,1,30.473
TMQ1,611d0e8e242d979c62655c57,1,16.555
TMQ1,6165cc70337bed7476a20f97,0,16.332
TMQ1,61690cac90729702f4d563de,1,23.981
TMQ1,60fb690497b26a3c1c6b8c0b,1,27.776
TMQ1,60f8334891c71768b6719ef6,1,37.311
TMQ1,60f1f1d4ac991a259b83f603,1,70.587
TMQ1,5b16bc7644127b00013f7245,1,41.813
TMQ1,615f04836985bb3ce5815f3c,1,35.94
TMQ1,5f45772f6c74b91760652841,1,21.91
TMQ1,6107aa76ee9845023fb0cb80,1,18.504
TMQ1,6133d4312b2821322655a70d,1,22.242
TMQ1,5eab7843de4724150babfd6b,1,55.154
TMQ1,64eb55ead08d423f0081c8f5,1,17.138
TMQ1,5f7f6ea18b9c4a117d887a3f,1,167.508
TMQ1,612fa61dd0fc020053aa94dd,1,36.625
TMQ1,60e3b18d3d4205b4c52ada56,1,65.078
TMQ1,62d5cef0d9f0379a81a33cf1,1,21.259
TMQ1,6112aa865f237cf99d0b0094,1,69.786
TMQ1,5fbfe145e52a44000a9c2966,1,98.949
TMQ2,60c03680dc5dfe4723659602,1,19.984
TMQ2,60db47093e2683c0a02d1541,1,20.151
TMQ2,602685272894b2310c631f4f,0,8.585
TMQ2,5f19dc86afa07c0894f60578,1,19.307
TMQ2,5f315af6d221ae0e7843dc13,1,31.95
TMQ2,5f0e0e058a700b10c7ac250f,1,18.111
TMQ2,613a3fa3cd445d55f2e1a486,1,10.902
TMQ2,60309b6162da62f3898324d4,1,24.974
TMQ2,6166a03f5063db088c458b73,1,20.746
TMQ2,5e8bbf2d430dd50008c4fccc,1,13.129
TMQ2,5d1f3c99608da700167a1391,1,47.497
TMQ2,617598d967559810c706d5a5,0,14.725
TMQ2,6134d21dcb8ab807bad2df99,1,45.168
TMQ2,5e2881eaa9af590560d04047,0,28.275
TMQ2,59987d310ed7ae0001991afa,0,10.227
TMQ2,629635e6104b144684c6e015,0,16.521
TMQ2,61196ccab9b0c6a17c0e9b3b,0,25.866
TMQ2,5e1f321074dfbe028c2fbb18,1,8.66
TMQ2,5ef0b54037a90c618ad9e97f,1,60.751
TMQ2,61230876ad65890ff8619511,1,58.946
TMQ2,6169e8a8311d269013eb73c7,0,16.222
TMQ2,64c9286ef7a221c5a8f1b8a1,1,15.394
TMQ2,611d0e8e242d979c62655c57,1,43.161
TMQ2,6165cc70337bed7476a20f97,0,71.444
TMQ2,61690cac90729702f4d563de,1,34.853
TMQ2,60fb690497b26a3c1c6b8c0b,1,55.931
TMQ2,60f8334891c71768b6719ef6,1,15.501
TMQ2,60f1f1d4ac991a259b83f603,1,43.946
TMQ2,5b16bc7644127b00013f7245,1,25.32
TMQ2,615f04836985bb3ce5815f3c,1,39.0
TMQ2,5f45772f6c74b91760652841,1,32.052
TMQ2,6107aa76ee9845023fb0cb80,1,26.233
TMQ2,6133d4312b2821322655a70d,1,125.281
TMQ2,5eab7843de4724150babfd6b,1,19.831
TMQ2,64eb55ead08d423f0081c8f5,0,80.144
TMQ2,5f7f6ea18b9c4a117d887a3f,0,102.602
TMQ2,612fa61dd0fc020053aa94dd,0,94.893
TMQ2,60e3b18d3d4205b4c52ada56,1,20.118
TMQ2,62d5cef0d9f0379a81a33cf1,1,14.954
TMQ2,6112aa865f237cf99d0b0094,0,83.763
TMQ2,5fbfe145e52a44000a9c2966,1,23.492
TMQ3,60c03680dc5dfe4723659602,1,6.971
TMQ3,60db47093e2683c0a02d1541,1,8.316
TMQ3,602685272894b2310c631f4f,1,6.475
TMQ3,5f19dc86afa07c0894f60578,1,17.51
TMQ3,5f315af6d221ae0e7843dc13,1,8.256
TMQ3,5f0e0e058a700b10c7ac250f,1,11.375
TMQ3,613a3fa3cd445d55f2e1a486,1,42.016
TMQ3,60309b6162da62f3898324d4,1,12.408
TMQ3,6166a03f5063db088c458b73,1,26.406
TMQ3,5e8bbf2d430dd50008c4fccc,1,12.171
TMQ3,5d1f3c99608da700167a1391,1,5.717
TMQ3,617598d967559810c706d5a5,1,5.855
TMQ3,6134d21dcb8ab807bad2df99,1,14.054
TMQ3,5e2881eaa9af590560d04047,1,9.843
TMQ3,59987d310ed7ae0001991afa,1,15.113
TMQ3,629635e6104b144684c6e015,1,17.327
TMQ3,61196ccab9b0c6a17c0e9b3b,1,13.554
TMQ3,5e1f321074dfbe028c2fbb18,1,6.717
TMQ3,5ef0b54037a90c618ad9e97f,1,38.827
TMQ3,61230876ad65890ff8619511,1,10.754
TMQ3,6169e8a8311d269013eb73c7,1,11.349
TMQ3,64c9286ef7a221c5a8f1b8a1,1,5.861
TMQ3,611d0e8e242d979c62655c57,1,42.379
TMQ3,6165cc70337bed7476a20f97,1,18.555
TMQ3,61690cac90729702f4d563de,1,21.193
TMQ3,60fb690497b26a3c1c6b8c0b,1,29.785
TMQ3,60f8334891c71768b6719ef6,1,27.404
TMQ3,60f1f1d4ac991a259b83f603,1,24.101
TMQ3,5b16bc7644127b00013f7245,1,21.829
TMQ3,615f04836985bb3ce5815f3c,1,14.049
TMQ3,5f45772f6c74b91760652841,1,14.313
TMQ3,6107aa76ee9845023fb0cb80,1,10.833
TMQ3,6133d4312b2821322655a70d,1,18.373
TMQ3,5eab7843de4724150babfd6b,1,6.572
TMQ3,64eb55ead08d423f0081c8f5,1,18.525
TMQ3,5f7f6ea18b9c4a117d887a3f,1,5.928
TMQ3,612fa61dd0fc020053aa94dd,1,11.797
TMQ3,60e3b18d3d4205b4c52ada56,1,19.616
TMQ3,62d5cef0d9f0379a81a33cf1,1,10.666
TMQ3,6112aa865f237cf99d0b0094,1,51.965
TMQ3,5fbfe145e52a44000a9c2966,1,20.447
PCQ1,5fbbde667818f3dc301f6647,1,4.199
PCQ1,60c03680dc5dfe4723659602,1,51.207
PCQ1,5ebf2540dc45b2302a7118f9,1,8.309
PCQ1,5f24978b3b9626088ac0eeb7,1,7.523
PCQ1,5dc3dd5984799a2bf697cb17,1,9.79
PCQ1,604261cfffdadc107f6b29c2,1,8.861
PCQ1,5fc803acace3cd0fe2b214c5,1,10.126
PCQ1,5cb4adc019ee7300189e8547,1,14.943
PCQ1,5b3216e0a8327d0001001dc0,1,11.832
PCQ1,58dd0b15402260000102895b,1,18.14
PCQ1,5e569011c0486f03a51801b5,1,8.707
PCQ1,5d1f3c99608da700167a1391,1,7.617
PCQ1,5f6785ff73bbcf3923de77cc,1,9.209
PCQ1,60df2a263ca14a01eb3d4732,1,14.7
PCQ1,5f33e30b15e48023096678e4,1,14.399
PCQ1,5eaf44985f544b0009fd08b6,1,11.449
PCQ1,61183bece4c3e63512e3eb5d,1,17.773
PCQ1,611a78efa6c36a674dc40cc6,1,15.542
PCQ1,5e1f321074dfbe028c2fbb18,1,7.286
PCQ1,61413300c9d2346cfb3d9ca5,1,19.945
PCQ1,613284d37713a1645330938f,1,222.845
PCQ1,60d3acd071e98de7a42743ac,1,36.924
PCQ1,5a5110bb76d1c60001aaa059,1,11.447
PCQ1,5f8f7b6a2650711e2238f6d5,1,9.026
PCQ1,61690cac90729702f4d563de,0,24.779
PCQ1,5c49c9ebe02ead00019b0a5b,1,19.365
PCQ1,5f1caf052171f856a1e484d2,1,28.434
PCQ1,60f8334891c71768b6719ef6,1,30.754
PCQ1,6158031479297ac1c777b5dc,1,20.345
PCQ1,615f04836985bb3ce5815f3c,0,37.303
PCQ1,613d0ef50abfe24aa600bc84,1,77.601
PCQ1,6141375df579b5d078fe12dc,1,41.885
PCQ1,613e868f4d6c157238b8fd87,0,125.866
PCQ1,61053334bb5ec9d6f2918ba1,0,33.8
PCQ1,5bf725d2120df400011a6dca,1,21.665
PCQ1,61176ed28c8935138ab6a64b,0,21.419
PCQ1,613a6f333eacb2c4641d0540,1,12.657
PCQ1,614397e06d85fcb10c7c9087,0,78.367
PCQ1,60b94f837bfda8b1977feef0,1,29.476
PCQ1,5bdf91dbb32fa800012ea282,1,21.26
PCQ1,648b962b8fdb1fa686213ac1,1,22.357
PCQ2,5fbbde667818f3dc301f6647,1,12.569
PCQ2,60c03680dc5dfe4723659602,0,9.174
PCQ2,5ebf2540dc45b2302a7118f9,1,12.057
PCQ2,5f24978b3b9626088ac0eeb7,1,9.651
PCQ2,5dc3dd5984799a2bf697cb17,1,8.503
PCQ2,604261cfffdadc107f6b29c2,1,19.879
PCQ2,5fc803acace3cd0fe2b214c5,1,10.739
PCQ2,5cb4adc019ee7300189e8547,1,14.584
PCQ2,5b3216e0a8327d0001001dc0,1,13.014
PCQ2,58dd0b15402260000102895b,1,13.229
PCQ2,5e569011c0486f03a51801b5,1,7.304
PCQ2,5d1f3c99608da700167a1391,1,12.129
PCQ2,5f6785ff73bbcf3923de77cc,1,13.126
PCQ2,60df2a263ca14a01eb3d4732,1,16.369
PCQ2,5f33e30b15e48023096678e4,1,19.656
PCQ2,5eaf44985f544b0009fd08b6,1,10.202
PCQ2,61183bece4c3e63512e3eb5d,1,19.44
PCQ2,611a78efa6c36a674dc40cc6,1,9.511
PCQ2,5e1f321074dfbe028c2fbb18,1,8.934
PCQ2,61413300c9d2346cfb3d9ca5,1,87.301
PCQ2,613284d37713a1645330938f,1,19.566
PCQ2,60d3acd071e98de7a42743ac,1,12.123
PCQ2,5a5110bb76d1c60001aaa059,1,19.281
PCQ2,5f8f7b6a2650711e2238f6d5,1,12.514
PCQ2,61690cac90729702f4d563de,1,13.001
PCQ2,5c49c9ebe02ead00019b0a5b,1,14.813
PCQ2,5f1caf052171f856a1e484d2,1,14.539
PCQ2,60f8334891c71768b6719ef6,1,45.916
PCQ2,6158031479297ac1c777b5dc,1,25.096
PCQ2,615f04836985bb3ce5815f3c,1,14.138
PCQ2,613d0ef50abfe24aa600bc84,1,89.789
PCQ2,6141375df579b5d078fe12dc,0,32.924
PCQ2,613e868f4d6c157238b8fd87,1,30.003
PCQ2,61053334bb5ec9d6f2918ba1,1,13.599
PCQ2,5bf725d2120df400011a6dca,1,12.299
PCQ2,61176ed28c8935138ab6a64b,1,18.605
PCQ2,613a6f333eacb2c4641d0540,1,55.767
PCQ2,614397e06d85fcb10c7c9087,1,32.855
PCQ2,60b94f837bfda8b1977feef0,1,80.701
PCQ2,5bdf91dbb32fa800012ea282,1,16.08
PCQ2,648b962b8fdb1fa686213ac1,1,14.801
SB100Q1,60db47093e2683c0a02d1541,1,46.711
SB100Q1,5f18348b01348e0716a1978a,1,17.74
SB100Q1,5f0b615844c42c2bc9b39df4,1,13.59
SB100Q1,604261cfffdadc107f6b29c2,1,18.944
SB100Q1,63469117956f3451ba159ff8,1,12.655
SB100Q1,5fc803acace3cd0fe2b214c5,0,13.514
SB100Q1,5cb4adc019ee7300189e8547,0,11.664
SB100Q1,6033f09832d8421272da43ac,0,18.658
SB100Q1,5b7a0bb43c13750001982223,1,71.548
SB100Q1,601a3f1c5ae80c23d4ce0f02,1,17.996
SB100Q1,5d6d82acab68f90001f53194,1,9.69
SB100Q1,5e3182adf6bb2315a48da619,1,24.898
SB100Q1,60d4477467e235cde30140a9,1,20.912
SB100Q1,5bddcde7072d980001a8a9cf,0,23.961
SB100Q1,6140ef6c6783290ec216b9cb,1,63.008
SB100Q1,629635e6104b144684c6e015,1,16.482
SB100Q1,6169e8a8311d269013eb73c7,1,47.175
SB100Q1,5d8a8df05722b400010ae948,1,15.999
SB100Q1,61413300c9d2346cfb3d9ca5,1,30.163
SB100Q1,64c9286ef7a221c5a8f1b8a1,1,28.171
SB100Q1,613284d37713a1645330938f,0,22.803
SB100Q1,60b7b5ce0da770969690168b,1,33.007
SB100Q1,6160c25a14f8a02a8b63f024,1,90.504
SB100Q1,5f8f7b6a2650711e2238f6d5,1,15.685
SB100Q1,6165cc70337bed7476a20f97,1,27.539
SB100Q1,5e8e38da572c650e2ede51c9,0,50.402
SB100Q1,611cecbdfd30c0b2cea5e0bc,1,26.506
SB100Q1,5b16bc7644127b00013f7245,1,34.877
SB100Q1,5ed7239e4aaed51a7d11e94e,1,23.813
SB100Q1,614b6e4a03ded5acfe2ef9b0,1,46.123
SB100Q1,60c3c8f790736ad8d329816b,1,163.398
SB100Q1,6133d4312b2821322655a70d,1,29.481
SB100Q1,61545919a17f1331cb7b33a7,1,98.239
SB100Q1,61053334bb5ec9d6f2918ba1,1,93.57
SB100Q1,5eab7843de4724150babfd6b,1,27.283
SB100Q1,5bf725d2120df400011a6dca,1,20.78
SB100Q1,60fb5516e04ddad82ee75e7f,0,15.709
SB100Q1,613d20af66c5431995b4cbdc,1,50.433
SB100Q1,5e0a095a54ff2329aa070d54,0,9.907
SB100Q1,6112aa865f237cf99d0b0094,0,31.462
SB100Q2,60db47093e2683c0a02d1541,1,19.833
SB100Q2,5f18348b01348e0716a1978a,1,11.523
SB100Q2,5f0b615844c42c2bc9b39df4,1,11.205
SB100Q2,604261cfffdadc107f6b29c2,1,21.831
SB100Q2,63469117956f3451ba159ff8,1,12.539
SB100Q2,5fc803acace3cd0fe2b214c5,1,11.58
SB100Q2,5cb4adc019ee7300189e8547,1,12.833
SB100Q2,6033f09832d8421272da43ac,1,11.696
SB100Q2,5b7a0bb43c13750001982223,1,21.675
SB100Q2,601a3f1c5ae80c23d4ce0f02,1,40.42
SB100Q2,5d6d82acab68f90001f53194,1,78.595
SB100Q2,5e3182adf6bb2315a48da619,1,11.19
SB100Q2,60d4477467e235cde30140a9,1,30.874
SB100Q2,5bddcde7072d980001a8a9cf,1,11.973
SB100Q2,6140ef6c6783290ec216b9cb,0,23.87
SB100Q2,629635e6104b144684c6e015,1,16.277
SB100Q2,6169e8a8311d269013eb73c7,1,15.609
SB100Q2,5d8a8df05722b400010ae948,1,13.678
SB100Q2,61413300c9d2346cfb3d9ca5,1,15.301
SB100Q2,64c9286ef7a221c5a8f1b8a1,1,21.762
SB100Q2,613284d37713a1645330938f,1,36.038
SB100Q2,60b7b5ce0da770969690168b,1,40.509
SB100Q2,6160c25a14f8a02a8b63f024,1,39.239
SB100Q2,5f8f7b6a2650711e2238f6d5,1,9.196
SB100Q2,6165cc70337bed7476a20f97,1,20.853
SB100Q2,5e8e38da572c650e2ede51c9,1,44.491
SB100Q2,611cecbdfd30c0b2cea5e0bc,1,31.941
SB100Q2,5b16bc7644127b00013f7245,1,21.556
SB100Q2,5ed7239e4aaed51a7d11e94e,1,94.669
SB100Q2,614b6e4a03ded5acfe2ef9b0,0,14.894
SB100Q2,60c3c8f790736ad8d329816b,1,31.004
SB100Q2,6133d4312b2821322655a70d,1,49.502
SB100Q2,61545919a17f1331cb7b33a7,1,144.082
SB100Q2,61053334bb5ec9d6f2918ba1,1,37.903
SB100Q2,5eab7843de4724150babfd6b,0,6.945
SB100Q2,5bf725d2120df400011a6dca,1,45.302
SB100Q2,60fb5516e04ddad82ee75e7f,1,22.973
SB100Q2,613d20af66c5431995b4cbdc,1,24.764
SB100Q2,5e0a095a54ff2329aa070d54,1,11.681
SB100Q2,6112aa865f237cf99d0b0094,1,39.607
SB100Q3,60db47093e2683c0a02d1541,0,18.585
SB100Q3,5f18348b01348e0716a1978a,1,18.373
SB100Q3,5f0b615844c42c2bc9b39df4,1,31.496
SB100Q3,604261cfffdadc107f6b29c2,0,15.921
SB100Q3,63469117956f3451ba159ff8,1,21.26
SB100Q3,5fc803acace3cd0fe2b214c5,0,11.934
SB100Q3,5cb4adc019ee7300189e8547,0,17.702
SB100Q3,6033f09832d8421272da43ac,0,14.324
SB100Q3,5b7a0bb43c13750001982223,1,29.311
SB100Q3,601a3f1c5ae80c23d4ce0f02,0,18.25
SB100Q3,5d6d82acab68f90001f53194,1,37.24
SB100Q3,5e3182adf6bb2315a48da619,0,12.94
SB100Q3,60d4477467e235cde30140a9,0,19.637
SB100Q3,5bddcde7072d980001a8a9cf,0,32.341
SB100Q3,6140ef6c6783290ec216b9cb,1,21.618
SB100Q3,629635e6104b144684c6e015,1,17.969
SB100Q3,6169e8a8311d269013eb73c7,0,15.528
SB100Q3,5d8a8df05722b400010ae948,1,54.503
SB100Q3,61413300c9d2346cfb3d9ca5,0,45.696
SB100Q3,64c9286ef7a221c5a8f1b8a1,1,23.339
SB100Q3,613284d37713a1645330938f,0,35.556
SB100Q3,60b7b5ce0da770969690168b,1,18.481
SB100Q3,6160c25a14f8a02a8b63f024,0,14.831
SB100Q3,5f8f7b6a2650711e2238f6d5,1,13.69
SB100Q3,6165cc70337bed7476a20f97,0,27.658
SB100Q3,5e8e38da572c650e2ede51c9,0,20.905
SB100Q3,611cecbdfd30c0b2cea5e0bc,0,22.17
SB100Q3,5b16bc7644127b00013f7245,0,13.332
SB100Q3,5ed7239e4aaed51a7d11e94e,1,132.241
SB100Q3,614b6e4a03ded5acfe2ef9b0,0,18.695
SB100Q3,60c3c8f790736ad8d329816b,0,88.399
SB100Q3,6133d4312b2821322655a70d,1,56.785
SB100Q3,61545919a17f1331cb7b33a7,0,60.78
SB100Q3,61053334bb5ec9d6f2918ba1,0,19.893
SB100Q3,5eab7843de4724150babfd6b,1,14.002
SB100Q3,5bf725d2120df400011a6dca,1,48.13
SB100Q3,60fb5516e04ddad82ee75e7f,0,21.79
SB100Q3,613d20af66c5431995b4cbdc,0,22.683
SB100Q3,5e0a095a54ff2329aa070d54,1,12.648
SB100Q3,6112aa865f237cf99d0b0094,0,101.082
BCQ3,5f18348b01348e0716a1978a,0,14.888
BCQ3,5f0b615844c42c2bc9b39df4,1,24.57
BCQ3,5eac9ad77c0fb830e457d0c6,1,24.644
BCQ3,5f315af6d221ae0e7843dc13,1,18.493
BCQ3,613a3fa3cd445d55f2e1a486,1,24.967
BCQ3,60309b6162da62f3898324d4,1,46.092
BCQ3,6166a03f5063db088c458b73,1,22.774
BCQ3,616f94cd9cd003d37c9db38c,0,13.131
BCQ3,5b7a0bb43c13750001982223,1,22.829
BCQ3,601a3f1c5ae80c23d4ce0f02,1,35.352
BCQ3,5d6d82acab68f90001f53194,1,26.014
BCQ3,60df2a263ca14a01eb3d4732,1,16.059
BCQ3,60d4477467e235cde30140a9,0,15.878
BCQ3,5d0aa9aa5047d20018b8490d,1,24.955
BCQ3,5f33e30b15e48023096678e4,1,32.314
BCQ3,6134d21dcb8ab807bad2df99,1,37.203
BCQ3,5ef0b54037a90c618ad9e97f,1,21.817
BCQ3,6154b3a7e4bc93e1ce93c6bc,0,16.651
BCQ3,61645f61082ddd043101a1e6,0,27.403
BCQ3,608c64e14968cdd8dcbe1be4,1,25.8
BCQ3,60f18f433a08db69fcadb70d,1,68.066
BCQ3,5d1cd7cc2d5a8a00010f09ae,1,90.193
BCQ3,6160c25a14f8a02a8b63f024,1,18.891
BCQ3,61572b39d8a0be3869ccd5ae,1,12.805
BCQ3,5e8e38da572c650e2ede51c9,1,46.009
BCQ3,60be61231b34e6b2bf1e76ab,0,33.596
BCQ3,60f1f1d4ac991a259b83f603,1,46.39
BCQ3,5fec281aeae543d80d09fbc0,1,52.604
BCQ3,60c3c8f790736ad8d329816b,1,144.058
BCQ3,60decd2097f9a85cd3a908b0,0,38.05
BCQ3,6141375df579b5d078fe12dc,1,22.357
BCQ3,61545919a17f1331cb7b33a7,0,28.897
BCQ3,6480fdb35359bd308df67b77,1,32.08
BCQ3,64eb55ead08d423f0081c8f5,1,92.309
BCQ3,5f7f6ea18b9c4a117d887a3f,1,79.0
BCQ3,60fb5516e04ddad82ee75e7f,0,91.971
BCQ3,610d73cf15869b837eff907e,1,35.905
BCQ3,613d20af66c5431995b4cbdc,1,98.931
BCQ3,5bdf91dbb32fa800012ea282,1,36.418
BCQ3,5fbfe145e52a44000a9c2966,1,52.254
BCQ4,5f18348b01348e0716a1978a,1,18.172
BCQ4,5f0b615844c42c2bc9b39df4,1,35.741
BCQ4,5eac9ad77c0fb830e457d0c6,1,11.785
BCQ4,5f315af6d221ae0e7843dc13,1,14.885
BCQ4,613a3fa3cd445d55f2e1a486,1,66.693
BCQ4,60309b6162da62f3898324d4,1,38.288
BCQ4,6166a03f5063db088c458b73,1,20.35
BCQ4,616f94cd9cd003d37c9db38c,1,18.68
BCQ4,5b7a0bb43c13750001982223,1,16.329
BCQ4,601a3f1c5ae80c23d4ce0f02,1,26.471
BCQ4,5d6d82acab68f90001f53194,1,11.006
BCQ4,60df2a263ca14a01eb3d4732,1,42.841
BCQ4,60d4477467e235cde30140a9,1,24.372
BCQ4,5d0aa9aa5047d20018b8490d,1,18.774
BCQ4,5f33e30b15e48023096678e4,1,18.718
BCQ4,6134d21dcb8ab807bad2df99,1,42.323
BCQ4,5ef0b54037a90c618ad9e97f,1,26.394
BCQ4,6154b3a7e4bc93e1ce93c6bc,1,13.293
BCQ4,61645f61082ddd043101a1e6,1,33.385
BCQ4,608c64e14968cdd8dcbe1be4,1,43.26
BCQ4,60f18f433a08db69fcadb70d,1,26.043
BCQ4,5d1cd7cc2d5a8a00010f09ae,1,11.745
BCQ4,6160c25a14f8a02a8b63f024,1,28.149
BCQ4,61572b39d8a0be3869ccd5ae,1,107.837
BCQ4,5e8e38da572c650e2ede51c9,1,26.304
BCQ4,60be61231b34e6b2bf1e76ab,1,53.048
BCQ4,60f1f1d4ac991a259b83f603,1,78.579
BCQ4,5fec281aeae543d80d09fbc0,1,22.992
BCQ4,60c3c8f790736ad8d329816b,1,52.486
BCQ4,60decd2097f9a85cd3a908b0,1,43.673
BCQ4,6141375df579b5d078fe12dc,1,23.706
BCQ4,61545919a17f1331cb7b33a7,1,74.885
BCQ4,6480fdb35359bd308df67b77,1,33.909
BCQ4,64eb55ead08d423f0081c8f5,1,93.941
BCQ4,5f7f6ea18b9c4a117d887a3f,1,87.752
BCQ4,60fb5516e04ddad82ee75e7f,0,22.571
BCQ4,610d73cf15869b837eff907e,1,27.154
BCQ4,613d20af66c5431995b4cbdc,0,46.715
BCQ4,5bdf91dbb32fa800012ea282,1,30.129
BCQ4,5fbfe145e52a44000a9c2966,1,43.655
